date,curr_resid,curr_resid_since,settle_5yy,home_town,gender,age,kid_num,edu_level,work,income,work_hr,tribe,Mand_listen,Mand_speak,Tw_listen,Tw_speak,Hak_listen,Hak_speak,Ind_listen,Ind_speak,SEA_listen,SEA_speak,Eng_listen,Eng_speak,first_lang,when_Mand,when_Tw,when_Hak,when_Ind,when_SEA,when_Eng,m_guard_identity,f_guard_identity,dad_Mand_speak,dad_Tw_speak,dad_Hak_speak,dad_Eng_speak,dad_Ind_speak,dad_SEA_speak,mom_Mand_speak,mom_Tw_speak,mom_Hak_speak,mom_Eng_speak,mom_Ind_speak,mom_SEA_speak,dad_mom_Mand_fq,dad_mom_Tw_fq,dad_mom_Hak_fq,dad_mom_Ind_fq,dad_mom_SEA_fq,dad_mom_Other_fq,me_dad_Mand_fq,me_dad_Tw_fq,me_dad_Hak_fq,me_dad_Ind_fq,me_dad_SEA_fq,me_dad_Other_fq,me_mom_Mand_fq,me_mom_Tw_fq,me_mom_Hak_fq,me_mom_Ind_fq,me_mom_SEA_fq,me_mom_Other_fq
2018-06-12,106,1996,是,428,女,55,2,大學,金融業,10萬以上,45 - 50 小時,不具原住民身份,5,4,3,2,0,0,0,0,0,0,2,1,華語,7歲前,7歲前,未學會,未學會,未學會,12-15歲,父親,母親,3,0,0,0,0,0,3,4,0,0,0,0,幾乎全用,幾乎不用,幾乎不用,幾乎不用,幾乎不用,幾乎不用,幾乎全用,幾乎不用,幾乎不用,幾乎不用,幾乎不用,幾乎不用,約一半,多數使用,幾乎不用,幾乎不用,幾乎不用,幾乎不用
2018-06-13,204,2004,是,204,女,56,1,碩士,製造業,10萬以上,50 - 55 小時,不具原住民身份,5,5,5,5,0,0,0,0,0,0,4,4,華語,7歲前,7歲前,未學會,未學會,未學會,12-15歲,父親,母親,5,5,0,1,0,0,1,5,0,0,0,0,幾乎不用,多數使用,幾乎不用,幾乎不用,幾乎不用,幾乎不用,幾乎不用,多數使用,幾乎不用,幾乎不用,幾乎不用,幾乎不用,幾乎不用,多數使用,幾乎不用,幾乎不用,幾乎不用,幾乎不用
2018-06-13,103,2013,是,100,男,36,2,大學,金融業,"55,000 - 60,000",25 - 30 小時,不具原住民身份,5,5,2,1,0,0,0,0,0,0,3,2,華語,7歲前,未學會,未學會,未學會,未學會,7-12歲,父親,母親,5,5,5,1,0,0,5,3,0,4,0,0,幾乎全用,少數使用,幾乎不用,幾乎不用,幾乎不用,幾乎不用,多數使用,少數使用,幾乎不用,幾乎不用,幾乎不用,幾乎不用,幾乎全用,幾乎不用,幾乎不用,幾乎不用,幾乎不用,幾乎不用
2018-06-13,116,2010,是,104,女,43,0,碩士,其它,"95,000 - 100,000",60 小時以上,不具原住民身份,5,5,5,4,0,0,0,0,0,0,4,4,華語,7歲前,7歲前,未學會,未學會,未學會,15-18歲,父親,母親,5,5,0,0,0,0,5,5,0,0,0,0,幾乎全用,多數使用,幾乎不用,幾乎不用,幾乎不用,幾乎不用,多數使用,幾乎全用,幾乎不用,幾乎不用,幾乎不用,幾乎不用,多數使用,幾乎全用,幾乎不用,幾乎不用,幾乎不用,幾乎不用
2018-06-13,105,1997,是,116,男,61,1,大學,退休,無,10 小時以下,不具原住民身份,5,5,5,5,1,0,0,0,0,0,2,1,華語,7歲前,7歲前,未學會,未學會,未學會,15-18歲,無,無,5,0,4,0,0,0,5,5,0,0,0,0,幾乎全用,幾乎不用,幾乎不用,幾乎不用,幾乎不用,幾乎不用,幾乎全用,幾乎不用,幾乎不用,幾乎不用,幾乎不用,幾乎不用,多數使用,多數使用,幾乎不用,幾乎不用,幾乎不用,幾乎不用
2018-06-13,235,1986,是,892,女,55,2,大學,金融業,10萬以上,35 - 40 小時,不具原住民身份,5,5,5,5,0,0,0,0,0,0,2,1,閩南語,7-12歲,7歲前,未學會,未學會,未學會,18-22歲,父親,母親,5,5,0,0,0,0,5,5,0,0,0,0,約一半,多數使用,幾乎不用,幾乎不用,幾乎不用,幾乎不用,少數使用,多數使用,幾乎不用,幾乎不用,幾乎不用,幾乎不用,少數使用,多數使用,幾乎不用,幾乎不用,幾乎不用,幾乎不用
2018-06-13,236,1980,是,220,男,52,2,碩士,製造業,"50,000 - 55,000",30 - 35 小時,不具原住民身份,5,5,5,5,0,0,0,0,0,0,2,2,閩南語,7歲前,7歲前,未學會,未學會,未學會,12-15歲,父親,母親,5,5,0,0,0,0,5,5,5,0,0,0,約一半,多數使用,幾乎不用,幾乎不用,幾乎不用,幾乎不用,約一半,多數使用,幾乎不用,幾乎不用,幾乎不用,幾乎不用,約一半,多數使用,幾乎不用,幾乎不用,幾乎不用,幾乎不用
2018-06-13,112,2013,是,802,男,51,1,大學,金融業,"70,000 - 75,000",40 - 45 小時,不具原住民身份,5,5,5,3,0,0,0,0,0,0,3,2,華語,7歲前,7歲前,未學會,未學會,未學會,18-22歲,父親,母親,5,5,5,0,0,0,5,5,0,0,0,0,多數使用,幾乎全用,幾乎不用,幾乎不用,幾乎不用,幾乎不用,約一半,幾乎全用,幾乎不用,幾乎不用,幾乎不用,幾乎不用,約一半,幾乎全用,幾乎不用,幾乎不用,幾乎不用,幾乎不用
2018-06-13,237,2000,是,220,女,45,2,二專,其它,"35,000 - 40,000",35 - 40 小時,不具原住民身份,5,5,5,5,0,0,0,0,0,0,2,2,閩南語,7歲前,7歲前,未學會,未學會,未學會,12-15歲,父親,母親,3,5,0,0,0,0,3,5,0,0,0,0,幾乎不用,幾乎全用,幾乎不用,幾乎不用,幾乎不用,幾乎不用,幾乎不用,幾乎全用,幾乎不用,幾乎不用,幾乎不用,幾乎不用,少數使用,多數使用,幾乎不用,幾乎不用,幾乎不用,幾乎不用
2018-06-13,116,1964,是,116,女,54,2,二專,金融業,10萬以上,35 - 40 小時,不具原住民身份,5,5,5,5,1,0,0,0,0,0,1,1,華語,7歲前,7歲前,未學會,未學會,未學會,7-12歲,無,無,5,5,1,0,0,0,5,5,0,0,0,0,約一半,約一半,幾乎不用,幾乎不用,幾乎不用,幾乎不用,約一半,約一半,幾乎不用,幾乎不用,幾乎不用,幾乎不用,約一半,約一半,幾乎不用,幾乎不用,幾乎不用,幾乎不用
2018-06-13,100,1996,不確定,265,女,28,0,碩士,科技,10萬以上,55 - 60 小時,不具原住民身份,5,5,5,4,0,0,0,0,0,0,4,4,閩南語,7歲前,7歲前,未學會,未學會,未學會,7-12歲,父親,母親,4,5,0,3,0,0,5,4,0,4,0,0,幾乎全用,少數使用,幾乎不用,幾乎不用,幾乎不用,幾乎不用,幾乎全用,少數使用,幾乎不用,幾乎不用,幾乎不用,幾乎不用,幾乎全用,少數使用,幾乎不用,幾乎不用,幾乎不用,幾乎不用
2018-06-13,231,1994,是,721,女,52,0,大學,金融業,10萬以上,40 - 45 小時,不具原住民身份,5,5,5,5,1,1,0,0,0,0,2,2,閩南語,7歲前,7歲前,未學會,未學會,未學會,15-18歲,父親,母親,2,5,0,0,0,0,1,5,0,0,0,1,約一半,約一半,幾乎不用,幾乎不用,幾乎不用,幾乎不用,少數使用,多數使用,幾乎不用,幾乎不用,幾乎不用,幾乎不用,少數使用,多數使用,幾乎不用,幾乎不用,幾乎不用,幾乎不用
2018-06-13,110,2011,是,106,女,44,0,二專,金融業,"40,000 - 45,000",45 - 50 小時,不具原住民身份,5,5,5,2,1,0,0,0,0,0,3,2,閩南語,7歲前,7歲前,未學會,未學會,未學會,7-12歲,無,無,3,4,0,0,0,0,3,3,0,0,0,0,約一半,約一半,幾乎不用,幾乎不用,幾乎不用,幾乎不用,約一半,約一半,幾乎不用,幾乎不用,幾乎不用,幾乎不用,約一半,約一半,幾乎不用,幾乎不用,幾乎不用,幾乎不用
2018-06-13,411,1963,是,411,男,55,1,五專,自由業,"25,000 - 30,000",35 - 40 小時,不具原住民身份,5,5,5,5,1,0,0,0,0,0,0,0,華語,7歲前,15-18歲,未學會,未學會,未學會,未學會,無,母親,5,1,4,0,0,0,5,1,0,0,0,0,幾乎全用,多數使用,幾乎不用,幾乎不用,幾乎不用,幾乎不用,幾乎全用,幾乎全用,少數使用,幾乎不用,幾乎不用,幾乎不用,幾乎全用,少數使用,幾乎不用,幾乎不用,幾乎不用,幾乎不用
2018-06-13,200,1982,不確定,200,女,36,0,二專,金融業,"20,000 - 25,000",40 - 45 小時,不具原住民身份,5,5,5,5,1,1,0,0,0,0,3,2,華語,7歲前,7歲前,未學會,未學會,未學會,18-22歲,父親,母親,4,5,0,1,0,0,5,5,0,1,0,0,多數使用,多數使用,幾乎不用,幾乎不用,幾乎不用,幾乎不用,多數使用,約一半,幾乎不用,幾乎不用,幾乎不用,幾乎不用,多數使用,多數使用,幾乎不用,幾乎不用,幾乎不用,幾乎不用
2018-06-13,235,1974,是,235,女,44,0,高中/職,金融業,"30,000 - 35,000",25 - 30 小時,不具原住民身份,5,5,5,3,0,0,0,0,0,0,0,0,閩南語,7-12歲,7歲前,未學會,未學會,未學會,未學會,父親,母親,3,5,0,0,0,0,2,5,0,0,0,0,約一半,約一半,幾乎不用,幾乎不用,幾乎不用,幾乎不用,少數使用,多數使用,幾乎不用,幾乎不用,幾乎不用,幾乎不用,少數使用,多數使用,幾乎不用,幾乎不用,幾乎不用,幾乎不用
2018-06-13,251,1976,是,251,男,42,2,大學,金融業,"30,000 - 35,000",40 - 45 小時,不具原住民身份,5,5,5,5,0,0,0,0,0,0,4,4,閩南語,7歲前,7歲前,未學會,未學會,未學會,18-22歲,父親,母親,5,5,0,1,0,0,5,5,0,0,0,0,約一半,約一半,幾乎不用,幾乎不用,幾乎不用,幾乎不用,約一半,約一半,幾乎不用,幾乎不用,幾乎不用,幾乎不用,約一半,約一半,幾乎不用,幾乎不用,幾乎不用,幾乎不用
2018-06-13,204,2007,是,203,男,60,1,二專,退休,"15,000 - 20,000",10 小時以下,不具原住民身份,5,5,5,3,0,0,0,0,0,0,2,2,華語,7歲前,22歲之後,未學會,未學會,未學會,22歲之後,無,無,5,2,0,0,0,0,5,5,0,0,0,0,幾乎全用,少數使用,幾乎不用,幾乎不用,幾乎不用,幾乎不用,幾乎全用,幾乎不用,幾乎不用,幾乎不用,幾乎不用,幾乎不用,幾乎全用,幾乎不用,幾乎不用,幾乎不用,幾乎不用,幾乎不用
2018-06-13,116,2007,是,103,女,58,2,高中/職,金融業,"55,000 - 60,000",30 - 35 小時,不具原住民身份,5,5,5,5,0,0,0,0,0,0,2,1,閩南語,7歲前,7歲前,未學會,未學會,未學會,12-15歲,父親,母親,5,0,0,0,0,0,5,5,0,0,0,0,幾乎全用,少數使用,幾乎不用,幾乎不用,幾乎不用,幾乎不用,幾乎全用,幾乎不用,幾乎不用,幾乎不用,幾乎不用,幾乎不用,多數使用,約一半,幾乎不用,幾乎不用,幾乎不用,幾乎不用
2018-06-13,220,2000,是,224,女,48,2,碩士,軍公教,10萬以上,45 - 50 小時,不具原住民身份,5,5,5,5,1,0,0,0,0,0,2,1,閩南語,未學會,7歲前,未學會,未學會,未學會,未學會,父親,母親,3,5,0,0,0,0,1,5,0,0,0,0,幾乎不用,幾乎全用,幾乎不用,幾乎不用,幾乎不用,幾乎不用,幾乎不用,幾乎全用,幾乎不用,幾乎不用,幾乎不用,幾乎不用,幾乎不用,幾乎全用,幾乎不用,幾乎不用,幾乎不用,幾乎不用
2018-06-13,241,2017,不確定,239,女,25,0,高中/職,金融業,"15,000 - 20,000",30 - 35 小時,不具原住民身份,5,5,5,5,0,0,0,0,0,0,2,2,閩南語,7歲前,7歲前,未學會,未學會,未學會,7-12歲,(外)祖父,(外)祖母,3,5,0,0,0,0,3,3,0,0,0,0,約一半,約一半,幾乎不用,幾乎不用,幾乎不用,幾乎不用,約一半,約一半,幾乎不用,幾乎不用,幾乎不用,幾乎不用,約一半,約一半,幾乎不用,幾乎不用,幾乎不用,幾乎不用
2018-06-13,242,2001,是,600,女,43,1,大學,金融業,10萬以上,45 - 50 小時,不具原住民身份,4,3,4,4,0,0,0,0,0,0,1,0,閩南語,7-12歲,7歲前,未學會,未學會,未學會,12-15歲,父親,母親,2,5,0,0,0,0,1,4,0,0,0,0,少數使用,約一半,幾乎不用,幾乎不用,幾乎不用,幾乎不用,幾乎不用,約一半,幾乎不用,幾乎不用,幾乎不用,幾乎不用,幾乎不用,約一半,幾乎不用,幾乎不用,幾乎不用,幾乎不用
2018-06-13,115,2018,否,325,女,22,0,大學,金融業,"20,000 - 25,000",35 - 40 小時,不具原住民身份,5,5,4,2,2,1,0,0,0,0,1,0,華語,7歲前,7歲前,7歲前,未學會,未學會,7歲前,父親,母親,5,5,5,2,0,0,5,5,0,0,0,0,多數使用,約一半,少數使用,幾乎不用,幾乎不用,幾乎不用,多數使用,約一半,少數使用,幾乎不用,幾乎不用,幾乎不用,多數使用,約一半,幾乎不用,幾乎不用,幾乎不用,幾乎不用
2018-06-13,235,1998,是,648,女,44,1,高中/職,服務業,"10,000 - 15,000",30 - 35 小時,不具原住民身份,5,5,3,3,1,1,0,0,0,0,1,1,閩南語,7歲前,7歲前,未學會,未學會,未學會,12-15歲,父親,母親,5,5,0,0,0,0,1,5,0,0,0,0,少數使用,幾乎全用,幾乎不用,幾乎不用,幾乎不用,幾乎不用,多數使用,多數使用,幾乎不用,幾乎不用,幾乎不用,幾乎不用,少數使用,多數使用,幾乎不用,幾乎不用,幾乎不用,幾乎不用
2018-06-13,237,2009,是,702,男,58,0,大學,自由業,無,10 小時以下,不具原住民身份,5,5,5,5,0,0,0,0,0,0,4,4,華語,7歲前,7-12歲,未學會,未學會,未學會,12-15歲,無,無,5,3,0,0,0,0,5,5,0,0,0,0,多數使用,多數使用,約一半,約一半,約一半,約一半,幾乎全用,少數使用,幾乎不用,幾乎不用,幾乎不用,幾乎不用,約一半,約一半,幾乎不用,幾乎不用,幾乎不用,幾乎不用
2018-06-13,110,1978,是,110,女,40,0,大學,製造業,"35,000 - 40,000",40 - 45 小時,不具原住民身份,5,5,5,5,0,0,0,0,0,0,5,5,華語,7歲前,7歲前,未學會,未學會,未學會,12-15歲,父親,母親,5,5,5,5,0,0,5,5,0,2,0,0,多數使用,約一半,幾乎不用,幾乎不用,幾乎不用,幾乎不用,多數使用,約一半,幾乎不用,幾乎不用,幾乎不用,幾乎不用,多數使用,約一半,幾乎不用,幾乎不用,幾乎不用,幾乎不用
2018-06-13,114,1996,是,540,女,56,2,五專,服務業,"30,000 - 35,000",30 - 35 小時,不具原住民身份,5,5,5,4,0,0,0,0,0,0,3,3,華語,7歲前,7歲前,未學會,未學會,未學會,7-12歲,無,無,5,5,0,1,0,0,4,5,0,0,0,0,少數使用,約一半,幾乎不用,幾乎不用,幾乎不用,幾乎不用,約一半,約一半,幾乎不用,幾乎不用,幾乎不用,幾乎不用,約一半,約一半,幾乎不用,幾乎不用,幾乎不用,幾乎不用
2018-06-13,110,1992,是,110,女,26,0,大學,科技,"25,000 - 30,000",35 - 40 小時,不具原住民身份,5,5,4,2,0,0,0,0,0,0,2,1,閩南語,7歲前,7歲前,未學會,未學會,未學會,7-12歲,父親,母親,5,5,0,0,0,0,5,5,0,0,0,0,約一半,多數使用,幾乎不用,幾乎不用,幾乎不用,幾乎不用,約一半,多數使用,幾乎不用,幾乎不用,幾乎不用,幾乎不用,約一半,多數使用,幾乎不用,幾乎不用,幾乎不用,幾乎不用
2018-06-13,220,1981,是,220,女,43,0,大學,科技,"70,000 - 75,000",40 - 45 小時,不具原住民身份,4,4,2,1,0,0,0,0,0,0,2,2,華語,7歲前,7歲前,未學會,未學會,未學會,15-18歲,父親,母親,3,3,0,0,0,0,3,3,0,0,0,0,幾乎不用,幾乎全用,幾乎不用,幾乎不用,幾乎不用,幾乎不用,少數使用,幾乎全用,幾乎不用,幾乎不用,幾乎不用,幾乎不用,少數使用,幾乎全用,幾乎不用,幾乎不用,幾乎不用,幾乎不用
2018-06-13,234,2002,是,330,女,54,2,五專,金融業,"35,000 - 40,000",35 - 40 小時,不具原住民身份,5,5,5,5,0,0,0,0,0,0,2,1,閩南語,7-12歲,7歲前,未學會,未學會,未學會,12-15歲,父親,母親,4,5,0,0,0,0,0,5,0,0,0,0,幾乎不用,幾乎全用,幾乎不用,幾乎不用,幾乎不用,幾乎不用,約一半,幾乎全用,幾乎不用,幾乎不用,幾乎不用,幾乎不用,約一半,幾乎全用,幾乎不用,幾乎不用,幾乎不用,幾乎不用
2018-06-13,100,1971,是,100,男,56,2,二專,自由業,無,35 - 40 小時,不具原住民身份,5,5,5,4,0,0,0,0,0,0,2,2,閩南語,7歲前,7歲前,未學會,未學會,未學會,18-22歲,父親,母親,5,5,0,1,0,0,4,4,0,0,0,0,多數使用,少數使用,幾乎不用,幾乎不用,幾乎不用,幾乎不用,幾乎全用,幾乎不用,幾乎不用,幾乎不用,幾乎不用,幾乎不用,約一半,約一半,幾乎不用,幾乎不用,幾乎不用,幾乎不用
2018-06-13,221,2013,是,711,男,41,2,大學,科技,"85,000 - 90,000",45 - 50 小時,不具原住民身份,5,5,5,5,0,0,0,0,0,0,1,1,華語,7歲前,7歲前,未學會,未學會,未學會,12-15歲,父親,母親,5,5,0,0,0,0,5,5,0,0,0,0,約一半,約一半,幾乎不用,幾乎不用,幾乎不用,幾乎不用,約一半,約一半,幾乎不用,幾乎不用,幾乎不用,幾乎不用,約一半,約一半,幾乎不用,幾乎不用,幾乎不用,幾乎不用
2018-06-13,106,1996,是,108,男,58,2,大學,科技,10萬以上,45 - 50 小時,不具原住民身份,5,5,5,5,0,0,0,0,0,0,3,3,閩南語,7-12歲,7歲前,未學會,未學會,未學會,12-15歲,父親,母親,3,5,1,0,0,0,2,5,0,0,0,0,幾乎不用,多數使用,幾乎不用,幾乎不用,幾乎不用,幾乎不用,幾乎不用,多數使用,幾乎不用,幾乎不用,幾乎不用,幾乎不用,幾乎不用,多數使用,幾乎不用,幾乎不用,幾乎不用,幾乎不用
2018-06-13,201,1998,是,108,男,41,0,二專,科技,"60,000 - 65,000",40 - 45 小時,不具原住民身份,5,5,2,2,0,0,0,0,0,0,3,3,華語,7歲前,7-12歲,未學會,未學會,未學會,18-22歲,父親,母親,5,2,0,2,0,0,5,5,2,1,0,0,幾乎全用,少數使用,幾乎不用,幾乎不用,幾乎不用,幾乎不用,幾乎全用,少數使用,幾乎不用,幾乎不用,幾乎不用,幾乎不用,幾乎全用,少數使用,幾乎不用,幾乎不用,幾乎不用,幾乎不用
2018-06-13,105,1987,是,265,女,58,1,大學,軍公教,"90,000 - 95,000",40 - 45 小時,不具原住民身份,5,5,5,5,0,0,0,0,0,0,1,0,閩南語,7歲前,7歲前,未學會,未學會,未學會,12-15歲,無,母親,1,5,0,0,0,0,0,5,0,0,0,0,幾乎不用,幾乎全用,幾乎不用,幾乎不用,幾乎不用,幾乎不用,幾乎不用,幾乎全用,幾乎不用,幾乎不用,幾乎不用,幾乎不用,幾乎不用,幾乎全用,幾乎不用,幾乎不用,幾乎不用,幾乎不用
2018-06-13,111,1962,是,111,男,56,3,大學,設計,"45,000 - 50,000",45 - 50 小時,不具原住民身份,5,5,5,5,1,1,0,0,0,0,3,3,閩南語,7-12歲,7歲前,22歲之後,未學會,未學會,12-15歲,無,母親,3,5,0,0,0,0,2,5,0,0,0,0,少數使用,幾乎全用,幾乎不用,幾乎不用,幾乎不用,幾乎不用,少數使用,幾乎全用,幾乎不用,幾乎不用,幾乎不用,幾乎不用,少數使用,幾乎全用,幾乎不用,幾乎不用,幾乎不用,幾乎不用
2018-06-13,206,1992,是,100,女,52,3,二專,軍公教,"55,000 - 60,000",40 - 45 小時,不具原住民身份,4,4,3,3,0,0,0,0,0,0,1,1,華語,7歲前,7歲前,未學會,未學會,未學會,22歲之後,父親,母親,4,4,0,0,0,0,4,4,0,0,0,0,少數使用,約一半,幾乎不用,幾乎不用,幾乎不用,約一半,少數使用,多數使用,幾乎不用,幾乎不用,幾乎不用,少數使用,約一半,多數使用,幾乎不用,幾乎不用,幾乎不用,少數使用
2018-06-13,104,2010,是,111,男,57,2,大學,科技,10萬以上,40 - 45 小時,不具原住民身份,5,5,5,4,0,0,0,0,1,1,4,4,華語,7歲前,7-12歲,未學會,未學會,22歲之後,18-22歲,父親,母親,5,2,0,3,0,0,5,5,0,1,0,0,約一半,少數使用,幾乎不用,幾乎不用,幾乎不用,幾乎不用,幾乎全用,幾乎不用,幾乎不用,幾乎不用,幾乎不用,幾乎不用,約一半,約一半,幾乎不用,幾乎不用,幾乎不用,幾乎不用
2018-06-13,702,1995,不確定,712,女,23,0,大學,製造業,"30,000 - 35,000",40 - 45 小時,不具原住民身份,5,5,5,5,0,0,0,0,0,0,5,5,華語,7歲前,7歲前,未學會,未學會,未學會,12-15歲,父親,母親,5,5,0,1,0,0,5,5,0,2,0,0,多數使用,多數使用,幾乎不用,幾乎不用,幾乎不用,幾乎不用,多數使用,多數使用,幾乎不用,幾乎不用,幾乎不用,幾乎不用,多數使用,多數使用,幾乎不用,幾乎不用,幾乎不用,幾乎不用
2018-06-13,231,2014,是,940,男,64,1,碩士,軍公教,"65,000 - 70,000",10 小時以下,不具原住民身份,5,5,5,5,1,1,0,0,0,0,3,3,華語,7歲前,7-12歲,未學會,未學會,未學會,12-15歲,父親,母親,5,2,0,1,0,0,4,4,3,0,0,0,多數使用,少數使用,少數使用,幾乎不用,幾乎不用,幾乎不用,多數使用,少數使用,幾乎不用,幾乎不用,幾乎不用,幾乎不用,多數使用,少數使用,幾乎不用,幾乎不用,幾乎不用,幾乎不用
2018-06-13,100,1964,是,100,女,54,3,大學,金融業,"70,000 - 75,000",40 - 45 小時,不具原住民身份,5,5,5,3,0,0,0,0,0,0,2,2,華語,7-12歲,22歲之後,22歲之後,22歲之後,22歲之後,12-15歲,父親,母親,5,5,0,1,0,0,5,5,0,0,0,0,多數使用,多數使用,幾乎不用,幾乎不用,幾乎不用,幾乎不用,幾乎全用,少數使用,幾乎不用,幾乎不用,幾乎不用,幾乎不用,幾乎全用,約一半,幾乎不用,幾乎不用,幾乎不用,幾乎不用
2018-06-13,220,1998,是,361,女,53,2,碩士,軍公教,"75,000 - 80,000",50 - 55 小時,不具原住民身份,5,5,3,1,5,5,0,0,0,0,2,1,客家語,7歲前,18-22歲,7歲前,未學會,未學會,12-15歲,父親,母親,3,1,5,0,0,0,4,1,5,0,0,0,幾乎不用,幾乎不用,幾乎全用,幾乎不用,幾乎不用,幾乎不用,幾乎不用,幾乎不用,幾乎全用,幾乎不用,幾乎不用,幾乎不用,少數使用,幾乎不用,幾乎全用,幾乎不用,幾乎不用,幾乎不用
2018-06-13,204,2008,不確定,200,女,46,1,碩士,自由業,"70,000 - 75,000",40 - 45 小時,不具原住民身份,5,5,4,3,0,0,0,0,0,0,3,3,華語,7歲前,7歲前,未學會,未學會,未學會,12-15歲,父親,母親,5,5,0,3,0,0,5,5,0,1,0,0,多數使用,多數使用,幾乎不用,幾乎不用,幾乎不用,少數使用,多數使用,多數使用,幾乎不用,幾乎不用,幾乎不用,幾乎不用,多數使用,多數使用,幾乎不用,幾乎不用,幾乎不用,幾乎不用
2018-06-13,334,2012,是,500,女,57,3,大學,家管,"15,000 - 20,000",45 - 50 小時,不具原住民身份,5,5,5,5,0,0,0,0,0,0,3,2,閩南語,7-12歲,7歲前,未學會,未學會,未學會,12-15歲,父親,母親,3,5,0,1,0,0,1,5,0,0,0,0,少數使用,幾乎全用,幾乎不用,幾乎不用,幾乎不用,幾乎不用,少數使用,幾乎不用,幾乎不用,幾乎不用,幾乎不用,幾乎不用,少數使用,幾乎不用,幾乎不用,幾乎不用,幾乎不用,幾乎不用
2018-06-13,404,2000,是,701,男,60,0,大學,科技,10萬以上,20 - 25 小時,不具原住民身份,5,5,5,5,0,0,0,0,0,0,3,3,閩南語,7-12歲,7歲前,未學會,未學會,未學會,12-15歲,父親,母親,5,5,0,0,0,0,4,5,0,0,0,0,幾乎不用,幾乎全用,幾乎不用,幾乎不用,幾乎不用,幾乎不用,少數使用,幾乎全用,幾乎不用,幾乎不用,幾乎不用,幾乎不用,幾乎不用,幾乎全用,幾乎不用,幾乎不用,幾乎不用,幾乎不用
2018-06-13,420,1997,不確定,420,女,55,1,大學,軍公教,"65,000 - 70,000",60 小時以上,不具原住民身份,5,5,4,2,0,0,0,0,0,0,1,1,華語,7歲前,7-12歲,未學會,未學會,未學會,未學會,父親,母親,5,0,0,0,0,0,2,5,0,0,0,0,約一半,少數使用,幾乎不用,幾乎不用,幾乎不用,幾乎不用,幾乎全用,幾乎不用,幾乎不用,幾乎不用,幾乎不用,幾乎不用,少數使用,約一半,幾乎不用,幾乎不用,幾乎不用,幾乎不用
2018-06-13,115,2017,是,108,男,54,3,碩士,自由業,"50,000 - 55,000",40 - 45 小時,不具原住民身份,5,5,5,5,5,5,0,0,0,0,5,5,華語,7歲前,7歲前,7歲前,未學會,未學會,22歲之後,父親,母親,5,5,5,5,0,0,5,0,0,5,0,0,幾乎全用,少數使用,少數使用,幾乎不用,幾乎不用,幾乎不用,少數使用,少數使用,多數使用,幾乎不用,幾乎不用,幾乎不用,少數使用,少數使用,多數使用,幾乎不用,幾乎不用,幾乎不用
2018-06-13,221,1987,是,553,男,66,3,碩士,自由業,"20,000 - 25,000",10 小時以下,不具原住民身份,5,5,5,5,1,0,0,0,0,0,4,4,閩南語,7-12歲,7歲前,未學會,未學會,未學會,12-15歲,父親,母親,1,5,0,0,0,0,0,5,0,0,0,0,幾乎不用,幾乎全用,幾乎不用,幾乎不用,幾乎不用,幾乎不用,幾乎不用,幾乎全用,幾乎不用,幾乎不用,幾乎不用,幾乎不用,幾乎不用,幾乎全用,幾乎不用,幾乎不用,幾乎不用,幾乎不用
2018-06-13,221,1999,是,500,男,55,1,大學,家管,無,35 - 40 小時,不具原住民身份,5,5,5,5,0,0,0,0,0,0,4,4,閩南語,7-12歲,7歲前,未學會,未學會,未學會,7-12歲,父親,母親,5,5,0,0,0,0,4,5,0,0,0,0,少數使用,幾乎全用,幾乎不用,幾乎不用,幾乎不用,幾乎不用,幾乎不用,幾乎全用,幾乎不用,幾乎不用,幾乎不用,幾乎不用,少數使用,幾乎全用,幾乎不用,幾乎不用,幾乎不用,幾乎不用
2018-06-13,105,2005,不確定,324,女,54,1,五專,金融業,10萬以上,50 - 55 小時,不具原住民身份,5,5,3,2,0,0,0,0,0,0,1,1,華語,7歲前,22歲之後,未學會,未學會,未學會,12-15歲,父親,母親,5,0,0,2,0,0,2,5,0,0,0,0,多數使用,少數使用,幾乎不用,幾乎不用,幾乎不用,幾乎不用,幾乎全用,幾乎不用,幾乎不用,幾乎不用,幾乎不用,幾乎不用,幾乎全用,少數使用,幾乎不用,幾乎不用,幾乎不用,幾乎不用
2018-06-13,104,1990,是,236,女,60,1,大學,家管,10萬以上,10 小時以下,不具原住民身份,5,5,5,5,0,0,0,0,0,0,3,3,閩南語,7-12歲,7歲前,未學會,未學會,未學會,12-15歲,父親,母親,0,5,0,0,0,0,0,5,0,0,0,0,幾乎不用,幾乎全用,幾乎不用,幾乎不用,幾乎不用,幾乎不用,幾乎不用,幾乎全用,幾乎不用,幾乎不用,幾乎不用,幾乎不用,幾乎不用,幾乎全用,幾乎不用,幾乎不用,幾乎不用,幾乎不用
2018-06-13,206,2005,是,103,女,43,2,二專,金融業,"20,000 - 25,000",40 - 45 小時,不具原住民身份,4,4,3,2,1,1,0,0,0,0,1,1,華語,7歲前,7歲前,未學會,未學會,未學會,12-15歲,父親,母親,4,3,5,0,0,1,4,3,0,1,0,0,幾乎全用,少數使用,幾乎不用,幾乎不用,幾乎不用,幾乎不用,幾乎全用,多數使用,多數使用,少數使用,少數使用,多數使用,幾乎全用,約一半,幾乎全用,幾乎不用,幾乎不用,幾乎不用
2018-06-13,116,1991,是,900,女,54,2,碩士,科技,"80,000 - 85,000",45 - 50 小時,不具原住民身份,5,5,5,5,1,1,0,0,0,0,5,5,閩南語,7-12歲,7歲前,未學會,未學會,未學會,7-12歲,父親,母親,5,5,0,0,0,0,1,5,5,0,0,0,幾乎不用,幾乎全用,幾乎不用,幾乎不用,幾乎不用,幾乎不用,少數使用,幾乎全用,幾乎不用,幾乎不用,幾乎不用,幾乎不用,幾乎不用,幾乎全用,幾乎不用,幾乎不用,幾乎不用,幾乎不用
2018-06-13,104,1986,是,710,男,62,1,碩士,退休,10萬以上,10 小時以下,不具原住民身份,5,5,5,5,0,0,0,0,0,0,2,2,閩南語,7-12歲,7歲前,未學會,未學會,未學會,12-15歲,父親,母親,0,5,0,0,0,0,0,5,0,0,0,0,幾乎不用,幾乎全用,幾乎不用,幾乎不用,幾乎不用,幾乎不用,幾乎不用,幾乎全用,幾乎不用,幾乎不用,幾乎不用,幾乎不用,幾乎不用,幾乎全用,幾乎不用,幾乎不用,幾乎不用,幾乎不用
2018-06-13,325,2016,是,104,女,57,2,大學,製造業,"95,000 - 100,000",35 - 40 小時,不具原住民身份,5,5,5,5,0,0,0,0,0,0,5,5,閩南語,7歲前,7歲前,未學會,未學會,未學會,15-18歲,父親,母親,5,5,0,4,0,0,1,5,0,1,0,0,少數使用,幾乎全用,幾乎不用,幾乎不用,幾乎不用,少數使用,約一半,約一半,幾乎不用,幾乎不用,幾乎不用,少數使用,少數使用,幾乎全用,幾乎不用,幾乎不用,幾乎不用,少數使用
2018-06-13,104,1997,是,104,男,21,0,大學,學生,無,10 小時以下,不具原住民身份,5,5,2,2,0,0,0,0,0,0,4,4,華語,7歲前,15-18歲,未學會,未學會,未學會,12-15歲,父親,母親,5,5,0,2,0,0,5,5,0,4,0,0,約一半,多數使用,幾乎不用,幾乎不用,幾乎不用,幾乎不用,多數使用,少數使用,幾乎不用,幾乎不用,幾乎不用,幾乎不用,多數使用,少數使用,幾乎不用,幾乎不用,幾乎不用,幾乎不用
2018-06-13,400,2018,不確定,428,女,55,2,五專,家管,"50,000 - 55,000",45 - 50 小時,不具原住民身份,5,5,5,5,0,0,0,0,0,0,3,2,閩南語,7歲前,7歲前,未學會,未學會,未學會,12-15歲,父親,母親,5,5,0,0,0,0,1,5,0,0,0,0,幾乎不用,多數使用,幾乎不用,幾乎不用,幾乎不用,幾乎不用,幾乎不用,多數使用,幾乎不用,幾乎不用,幾乎不用,幾乎不用,幾乎不用,多數使用,幾乎不用,幾乎不用,幾乎不用,幾乎不用
2018-06-13,234,1992,是,100,男,57,2,大學,科技,"75,000 - 80,000",55 - 60 小時,不具原住民身份,5,5,4,4,2,0,0,0,0,0,3,3,華語,7歲前,22歲之後,未學會,未學會,未學會,12-15歲,父親,母親,5,2,0,1,0,0,4,5,0,1,0,0,幾乎全用,幾乎不用,幾乎不用,幾乎不用,幾乎不用,幾乎不用,幾乎全用,幾乎不用,幾乎不用,幾乎不用,幾乎不用,少數使用,多數使用,少數使用,幾乎不用,幾乎不用,幾乎不用,幾乎不用
2018-06-13,238,1998,是,406,女,49,2,碩士,軍公教,"60,000 - 65,000",40 - 45 小時,不具原住民身份,5,5,5,5,1,0,0,0,0,0,2,1,閩南語,7歲前,7歲前,未學會,未學會,未學會,15-18歲,父親,母親,5,5,0,1,0,0,5,5,1,1,0,0,少數使用,幾乎全用,幾乎不用,幾乎不用,幾乎不用,幾乎不用,少數使用,幾乎全用,幾乎不用,幾乎不用,幾乎不用,幾乎不用,少數使用,幾乎全用,幾乎不用,幾乎不用,幾乎不用,幾乎不用
2018-06-13,116,1992,是,803,女,57,3,大學,科技,"45,000 - 50,000",35 - 40 小時,不具原住民身份,5,5,5,5,0,0,0,0,0,0,3,3,閩南語,7-12歲,7歲前,未學會,未學會,未學會,12-15歲,父親,母親,5,5,0,5,0,0,5,5,0,3,0,0,約一半,多數使用,幾乎不用,幾乎不用,幾乎不用,約一半,約一半,約一半,幾乎不用,幾乎不用,幾乎不用,約一半,約一半,約一半,幾乎不用,幾乎不用,幾乎不用,約一半
2018-06-13,116,1994,是,525,女,51,3,大學,家管,無,35 - 40 小時,不具原住民身份,5,5,4,3,0,0,0,0,0,0,3,2,閩南語,7歲前,7歲前,未學會,未學會,未學會,12-15歲,父親,母親,1,4,0,0,0,0,1,4,0,0,0,0,幾乎不用,多數使用,幾乎不用,幾乎不用,幾乎不用,幾乎不用,幾乎不用,多數使用,幾乎不用,幾乎不用,幾乎不用,幾乎不用,幾乎不用,多數使用,幾乎不用,幾乎不用,幾乎不用,幾乎不用
2018-06-13,540,1975,不確定,540,女,44,2,二專,服務業,"35,000 - 40,000",35 - 40 小時,不具原住民身份,5,5,5,5,0,0,0,0,0,0,3,3,閩南語,7歲前,7歲前,未學會,未學會,未學會,12-15歲,父親,母親,2,5,0,0,0,0,2,5,2,0,0,0,少數使用,幾乎全用,幾乎不用,幾乎不用,幾乎不用,幾乎不用,少數使用,多數使用,幾乎不用,幾乎不用,幾乎不用,幾乎不用,約一半,幾乎全用,幾乎不用,幾乎不用,幾乎不用,幾乎不用
2018-06-13,116,2015,是,330,男,31,0,大學,金融業,"65,000 - 70,000",40 - 45 小時,不具原住民身份,5,5,2,2,0,0,0,0,0,0,3,2,華語,7歲前,18-22歲,未學會,未學會,未學會,7-12歲,父親,母親,5,5,0,3,0,0,5,5,5,2,0,0,幾乎全用,幾乎不用,幾乎不用,幾乎不用,幾乎不用,幾乎不用,幾乎全用,幾乎不用,幾乎不用,幾乎不用,幾乎不用,幾乎不用,幾乎全用,幾乎不用,幾乎不用,幾乎不用,幾乎不用,幾乎不用
2018-06-13,406,1990,是,428,女,55,2,大學,軍公教,"85,000 - 90,000",35 - 40 小時,不具原住民身份,5,5,5,4,0,0,0,0,0,0,4,4,華語,7歲前,7-12歲,未學會,未學會,未學會,12-15歲,父親,母親,5,2,0,1,0,0,5,4,0,1,0,0,幾乎全用,少數使用,幾乎不用,幾乎不用,幾乎不用,幾乎不用,幾乎全用,幾乎不用,幾乎不用,幾乎不用,幾乎不用,幾乎不用,多數使用,少數使用,幾乎不用,幾乎不用,幾乎不用,幾乎不用
2018-06-13,115,1963,是,115,女,55,2,高中/職,金融業,"35,000 - 40,000",20 - 25 小時,不具原住民身份,5,5,5,5,0,0,0,0,0,0,1,1,閩南語,7歲前,7歲前,未學會,未學會,未學會,未學會,無,母親,5,5,0,0,0,0,5,5,0,0,0,0,約一半,幾乎全用,幾乎不用,幾乎不用,幾乎不用,約一半,幾乎全用,幾乎全用,幾乎不用,幾乎不用,幾乎不用,少數使用,約一半,幾乎全用,幾乎不用,幾乎不用,幾乎不用,少數使用
2018-06-13,112,2010,是,112,男,46,2,五專,科技,"60,000 - 65,000",40 - 45 小時,不具原住民身份,5,5,5,5,0,0,0,0,0,0,3,2,閩南語,7歲前,7歲前,未學會,未學會,未學會,15-18歲,父親,母親,2,5,0,0,0,0,2,5,0,0,0,0,幾乎不用,幾乎全用,幾乎不用,幾乎不用,幾乎不用,幾乎不用,少數使用,幾乎全用,幾乎不用,幾乎不用,幾乎不用,幾乎不用,少數使用,幾乎全用,幾乎不用,幾乎不用,幾乎不用,幾乎不用
2018-06-13,110,2002,是,110,女,25,0,大學,金融業,"30,000 - 35,000",40 - 45 小時,不具原住民身份,5,4,3,2,0,0,0,0,0,0,4,4,閩南語,7歲前,7歲前,未學會,未學會,未學會,7-12歲,無,母親,3,5,0,0,0,0,3,5,0,0,0,0,少數使用,幾乎全用,幾乎不用,幾乎不用,幾乎不用,幾乎不用,少數使用,多數使用,幾乎不用,幾乎不用,幾乎不用,幾乎不用,多數使用,約一半,幾乎不用,幾乎不用,幾乎不用,幾乎不用
2018-06-13,221,1990,是,231,女,61,2,大學,傳播,"40,000 - 45,000",40 - 45 小時,不具原住民身份,5,5,5,5,0,0,0,0,0,0,1,0,閩南語,7-12歲,7歲前,未學會,未學會,未學會,12-15歲,父親,母親,5,5,0,0,0,0,2,5,0,0,0,0,幾乎不用,幾乎全用,幾乎不用,幾乎不用,幾乎不用,幾乎不用,少數使用,幾乎全用,幾乎不用,幾乎不用,幾乎不用,幾乎不用,少數使用,幾乎全用,幾乎不用,幾乎不用,幾乎不用,幾乎不用
2018-06-13,114,2010,是,116,女,40,1,大學,金融業,10萬以上,35 - 40 小時,不具原住民身份,5,5,3,2,2,1,0,0,0,0,3,1,華語,7歲前,22歲之後,7歲前,未學會,未學會,15-18歲,父親,母親,5,3,5,1,0,0,5,2,5,0,0,0,約一半,少數使用,約一半,幾乎不用,幾乎不用,幾乎不用,幾乎全用,幾乎不用,少數使用,幾乎不用,幾乎不用,幾乎不用,幾乎全用,幾乎不用,少數使用,幾乎不用,幾乎不用,幾乎不用
2018-06-13,428,1971,不確定,428,女,55,2,大學,軍公教,"45,000 - 50,000",35 - 40 小時,不具原住民身份,5,5,5,4,0,0,0,0,0,0,3,3,閩南語,7歲前,7歲前,未學會,未學會,未學會,12-15歲,父親,母親,5,5,0,1,0,0,3,5,0,0,0,0,多數使用,多數使用,幾乎不用,幾乎不用,幾乎不用,幾乎不用,少數使用,多數使用,幾乎不用,幾乎不用,幾乎不用,幾乎不用,少數使用,多數使用,幾乎不用,幾乎不用,幾乎不用,幾乎不用
2018-06-13,235,1978,是,830,男,62,2,大學,軍公教,"85,000 - 90,000",50 - 55 小時,不具原住民身份,5,5,5,5,2,2,0,0,0,0,5,5,華語,7歲前,7歲前,7歲前,未學會,未學會,15-18歲,父親,母親,5,0,0,5,0,0,5,0,0,5,0,0,幾乎全用,幾乎不用,幾乎不用,幾乎不用,幾乎不用,幾乎不用,幾乎全用,幾乎不用,幾乎不用,幾乎不用,幾乎不用,幾乎不用,幾乎全用,幾乎不用,幾乎不用,幾乎不用,幾乎不用,幾乎不用
2018-06-13,116,2016,是,224,女,25,0,大學,金融業,"60,000 - 65,000",35 - 40 小時,不具原住民身份,5,5,2,1,0,0,0,0,0,0,2,3,華語,7歲前,7歲前,未學會,未學會,未學會,7-12歲,父親,無,5,5,0,0,0,0,5,5,0,0,0,0,多數使用,少數使用,幾乎不用,幾乎不用,幾乎不用,幾乎不用,約一半,多數使用,幾乎不用,幾乎不用,幾乎不用,幾乎不用,多數使用,約一半,幾乎不用,幾乎不用,幾乎不用,幾乎不用
2018-06-13,247,2009,是,241,女,40,1,大學,金融業,"30,000 - 35,000",35 - 40 小時,不具原住民身份,5,5,4,4,0,0,0,0,0,0,2,2,華語,7歲前,7歲前,未學會,未學會,未學會,12-15歲,父親,母親,4,4,0,0,0,0,4,4,0,2,0,0,多數使用,多數使用,幾乎不用,幾乎不用,幾乎不用,幾乎不用,約一半,約一半,幾乎不用,幾乎不用,幾乎不用,幾乎不用,約一半,約一半,幾乎不用,幾乎不用,幾乎不用,幾乎不用
2018-06-13,106,1987,是,104,女,52,1,大學,家管,無,10 小時以下,不具原住民身份,5,5,5,4,0,0,0,0,0,0,2,2,閩南語,7歲前,7歲前,未學會,未學會,未學會,未學會,父親,母親,5,5,0,4,0,0,4,5,0,1,0,0,少數使用,約一半,幾乎不用,幾乎不用,幾乎不用,幾乎不用,少數使用,約一半,幾乎不用,幾乎不用,幾乎不用,幾乎不用,少數使用,約一半,幾乎不用,幾乎不用,幾乎不用,幾乎不用
2018-06-13,235,2001,是,242,女,44,4,高中/職,金融業,"75,000 - 80,000",35 - 40 小時,不具原住民身份,5,5,5,4,0,0,0,0,0,0,1,1,閩南語,7歲前,7歲前,未學會,未學會,未學會,12-15歲,無,母親,2,5,0,0,0,0,1,5,0,0,0,0,幾乎不用,多數使用,幾乎不用,幾乎不用,幾乎不用,幾乎不用,少數使用,多數使用,幾乎不用,幾乎不用,幾乎不用,幾乎不用,幾乎不用,多數使用,幾乎不用,幾乎不用,幾乎不用,幾乎不用
2018-06-13,104,1990,是,104,男,48,2,大學,金融業,"85,000 - 90,000",45 - 50 小時,不具原住民身份,5,5,4,3,0,0,0,0,0,0,2,2,華語,7歲前,7-12歲,未學會,未學會,未學會,12-15歲,父親,母親,4,5,0,0,0,0,0,0,0,0,0,0,多數使用,少數使用,幾乎不用,幾乎不用,幾乎不用,幾乎不用,多數使用,少數使用,幾乎不用,幾乎不用,幾乎不用,幾乎不用,多數使用,少數使用,幾乎不用,幾乎不用,幾乎不用,幾乎不用
2018-06-13,242,1995,是,234,女,50,2,五專,金融業,10萬以上,25 - 30 小時,不具原住民身份,5,5,5,5,0,0,0,0,0,0,2,1,華語,7歲前,7歲前,未學會,未學會,未學會,7歲前,父親,母親,5,5,0,2,0,0,5,5,0,1,0,0,約一半,多數使用,幾乎不用,幾乎不用,幾乎不用,幾乎不用,約一半,約一半,幾乎不用,幾乎不用,幾乎不用,幾乎不用,多數使用,多數使用,幾乎不用,幾乎不用,幾乎不用,幾乎不用
2018-06-13,407,1996,是,428,女,55,0,二專,醫療,"50,000 - 55,000",35 - 40 小時,不具原住民身份,5,5,5,5,0,0,0,0,0,0,2,2,華語,7歲前,7歲前,未學會,未學會,未學會,12-15歲,父親,母親,5,5,0,0,0,0,4,5,0,0,0,0,少數使用,幾乎全用,幾乎不用,幾乎不用,幾乎不用,幾乎不用,少數使用,幾乎全用,幾乎不用,幾乎不用,幾乎不用,幾乎不用,幾乎不用,幾乎全用,幾乎不用,幾乎不用,幾乎不用,幾乎不用
2018-06-13,204,1999,不確定,205,女,56,0,碩士,醫療,"50,000 - 55,000",30 - 35 小時,不具原住民身份,5,5,5,5,0,0,0,0,0,0,4,4,閩南語,7-12歲,7歲前,未學會,未學會,未學會,12-15歲,父親,母親,0,5,0,0,0,0,0,5,0,0,0,0,幾乎不用,幾乎全用,幾乎不用,幾乎不用,幾乎不用,幾乎不用,幾乎不用,幾乎全用,幾乎不用,幾乎不用,幾乎不用,幾乎不用,幾乎不用,幾乎全用,幾乎不用,幾乎不用,幾乎不用,幾乎不用
2018-06-13,244,2012,是,360,男,36,0,大學,服務業,"55,000 - 60,000",10 - 20 小時,不具原住民身份,5,5,5,5,5,4,0,0,0,0,4,4,華語,7歲前,7歲前,7歲前,未學會,未學會,7-12歲,父親,母親,5,5,5,4,0,0,5,5,5,3,0,0,幾乎全用,約一半,約一半,幾乎不用,幾乎不用,幾乎不用,幾乎全用,少數使用,少數使用,幾乎不用,幾乎不用,幾乎不用,幾乎全用,少數使用,少數使用,幾乎不用,幾乎不用,幾乎不用
2018-06-13,103,1996,不確定,265,男,50,1,大學,其它,"45,000 - 50,000",50 - 55 小時,不具原住民身份,5,5,4,4,0,0,0,0,0,0,1,1,閩南語,7-12歲,7歲前,未學會,未學會,未學會,12-15歲,父親,母親,5,5,0,1,0,0,3,5,0,0,0,0,幾乎不用,多數使用,幾乎不用,幾乎不用,幾乎不用,幾乎不用,少數使用,多數使用,幾乎不用,幾乎不用,幾乎不用,幾乎不用,少數使用,幾乎全用,幾乎不用,幾乎不用,幾乎不用,幾乎不用
2018-06-13,111,1989,是,204,男,59,2,五專,自由業,"30,000 - 35,000",40 - 45 小時,不具原住民身份,5,5,5,5,2,0,0,0,0,0,3,2,閩南語,7-12歲,7歲前,未學會,未學會,未學會,12-15歲,父親,母親,3,5,0,0,0,0,0,5,0,0,0,0,幾乎不用,多數使用,幾乎不用,幾乎不用,幾乎不用,幾乎不用,少數使用,多數使用,幾乎不用,幾乎不用,幾乎不用,幾乎不用,幾乎不用,多數使用,幾乎不用,幾乎不用,幾乎不用,幾乎不用
2018-06-13,551,2017,是,306,男,61,3,大學,農林漁牧,10萬以上,30 - 35 小時,不具原住民身份,5,5,3,2,4,4,0,0,0,0,3,3,華語,7歲前,22歲之後,7歲前,未學會,未學會,15-18歲,父親,母親,5,0,5,0,0,0,5,1,5,1,0,0,約一半,幾乎不用,約一半,幾乎不用,幾乎不用,約一半,約一半,幾乎不用,約一半,幾乎不用,幾乎不用,幾乎不用,約一半,幾乎不用,約一半,幾乎不用,幾乎不用,幾乎不用
2018-06-13,221,2013,不確定,545,女,28,0,大學,金融業,"15,000 - 20,000",45 - 50 小時,不具原住民身份,5,5,3,3,0,0,0,0,0,0,3,2,閩南語,7歲前,7歲前,未學會,未學會,未學會,7歲前,無,母親,5,3,0,0,0,0,5,5,0,0,0,0,約一半,約一半,幾乎不用,幾乎不用,幾乎不用,幾乎不用,幾乎不用,幾乎不用,幾乎不用,幾乎不用,幾乎不用,幾乎不用,約一半,約一半,幾乎不用,幾乎不用,幾乎不用,幾乎不用
2018-06-13,105,1963,是,105,男,61,2,大學,退休,"50,000 - 55,000",20 - 25 小時,不具原住民身份,5,5,5,5,0,0,0,0,0,0,1,1,華語,7歲前,7歲前,未學會,未學會,未學會,12-15歲,父親,母親,3,5,0,0,0,0,3,5,0,0,0,0,少數使用,幾乎全用,幾乎不用,幾乎不用,幾乎不用,約一半,幾乎不用,多數使用,幾乎不用,幾乎不用,幾乎不用,幾乎不用,少數使用,幾乎全用,幾乎不用,幾乎不用,幾乎不用,幾乎不用
2018-06-13,338,2014,是,238,男,43,2,二專,服務業,"30,000 - 35,000",45 - 50 小時,不具原住民身份,5,5,5,5,0,0,0,0,0,0,2,2,閩南語,未學會,未學會,未學會,未學會,未學會,未學會,父親,母親,5,5,0,0,0,0,4,5,0,0,0,0,少數使用,幾乎全用,幾乎不用,幾乎不用,幾乎不用,幾乎不用,少數使用,幾乎全用,幾乎不用,幾乎不用,幾乎不用,幾乎不用,少數使用,幾乎全用,幾乎不用,多數使用,幾乎不用,幾乎不用
2018-06-13,356,1965,是,356,男,53,3,二專,服務業,"40,000 - 45,000",50 - 55 小時,不具原住民身份,5,5,5,5,1,1,0,0,0,0,0,0,閩南語,7歲前,7歲前,未學會,未學會,未學會,12-15歲,父親,母親,5,5,5,0,0,0,5,5,0,0,0,0,幾乎全用,幾乎全用,幾乎不用,幾乎不用,幾乎不用,幾乎不用,幾乎全用,幾乎全用,幾乎不用,幾乎不用,幾乎不用,幾乎不用,幾乎全用,幾乎全用,幾乎不用,幾乎不用,幾乎不用,幾乎不用
2018-06-13,407,2010,是,407,女,31,0,大學,其它,"45,000 - 50,000",40 - 45 小時,不具原住民身份,5,5,5,5,0,0,0,0,0,0,3,3,閩南語,7歲前,7歲前,未學會,未學會,未學會,12-15歲,父親,母親,5,5,0,0,0,0,5,5,0,0,0,0,幾乎全用,幾乎全用,幾乎不用,幾乎不用,幾乎不用,幾乎不用,幾乎全用,幾乎全用,幾乎不用,幾乎不用,幾乎不用,幾乎不用,幾乎全用,幾乎全用,幾乎不用,幾乎不用,幾乎不用,幾乎不用
2018-06-13,236,2008,是,235,女,42,2,大學,金融業,"35,000 - 40,000",35 - 40 小時,不具原住民身份,5,5,3,1,0,0,0,0,0,0,2,2,華語,7歲前,12-15歲,未學會,未學會,未學會,12-15歲,父親,母親,5,5,0,3,0,0,5,4,5,0,0,0,多數使用,約一半,幾乎不用,幾乎不用,幾乎不用,幾乎不用,多數使用,少數使用,幾乎不用,幾乎不用,幾乎不用,幾乎不用,多數使用,少數使用,幾乎不用,幾乎不用,幾乎不用,幾乎不用
2018-06-13,302,1980,不確定,302,男,38,2,大學,科技,"90,000 - 95,000",50 - 55 小時,不具原住民身份,5,5,4,2,5,3,0,0,0,0,3,2,客家語,7歲前,7-12歲,7歲前,未學會,未學會,7-12歲,父親,母親,5,4,5,0,0,0,5,2,5,0,0,0,少數使用,幾乎不用,約一半,幾乎不用,幾乎不用,幾乎不用,約一半,幾乎不用,約一半,幾乎不用,幾乎不用,幾乎不用,約一半,幾乎不用,約一半,幾乎不用,幾乎不用,幾乎不用
2018-06-13,406,2003,是,820,男,55,1,碩士,退休,"35,000 - 40,000",40 - 45 小時,不具原住民身份,5,5,3,3,0,0,0,0,0,0,2,2,閩南語,7-12歲,7歲前,未學會,未學會,未學會,22歲之後,父親,母親,3,5,1,1,0,0,2,5,1,0,0,0,少數使用,多數使用,幾乎不用,幾乎不用,幾乎不用,少數使用,少數使用,多數使用,幾乎不用,幾乎不用,幾乎不用,幾乎不用,少數使用,多數使用,幾乎不用,幾乎不用,幾乎不用,幾乎不用
2018-06-13,235,1991,是,500,女,53,1,大學,金融業,"50,000 - 55,000",30 - 35 小時,不具原住民身份,5,5,4,2,0,0,0,0,0,0,1,1,閩南語,7-12歲,7歲前,未學會,未學會,未學會,12-15歲,無,母親,3,5,0,0,0,0,3,5,0,0,0,0,少數使用,多數使用,幾乎不用,幾乎不用,幾乎不用,幾乎不用,少數使用,多數使用,幾乎不用,幾乎不用,幾乎不用,幾乎不用,少數使用,多數使用,幾乎不用,幾乎不用,幾乎不用,幾乎不用
2018-06-13,360,2002,是,428,男,55,2,大學,軍公教,"50,000 - 55,000",40 - 45 小時,不具原住民身份,5,5,3,1,2,0,0,0,0,0,1,1,其它語言,7歲前,18-22歲,22歲之後,未學會,未學會,7-12歲,父親,阿姨,1,0,0,0,0,0,2,0,0,0,0,0,少數使用,幾乎不用,幾乎不用,幾乎不用,幾乎不用,幾乎全用,少數使用,幾乎不用,幾乎不用,幾乎不用,幾乎不用,幾乎全用,約一半,少數使用,少數使用,少數使用,少數使用,幾乎全用
2018-06-13,110,1995,是,106,男,51,1,高中/職,金融業,10萬以上,25 - 30 小時,不具原住民身份,5,5,3,3,4,4,0,0,1,1,2,1,華語,7-12歲,18-22歲,7歲前,未學會,7歲前,7歲前,父親,母親,2,4,5,0,1,0,3,4,5,0,1,1,多數使用,多數使用,多數使用,幾乎不用,幾乎不用,幾乎不用,約一半,多數使用,多數使用,幾乎不用,幾乎不用,幾乎不用,多數使用,多數使用,多數使用,幾乎不用,幾乎不用,幾乎不用
2018-06-13,111,1993,是,369,女,60,2,高中/職,金融業,"50,000 - 55,000",10 小時以下,不具原住民身份,5,5,5,5,5,3,0,0,0,0,0,0,客家語,7-12歲,12-15歲,7歲前,未學會,未學會,未學會,無,母親,5,5,5,0,0,0,2,5,5,0,0,0,幾乎不用,幾乎不用,多數使用,幾乎不用,幾乎不用,幾乎不用,約一半,約一半,約一半,幾乎不用,幾乎不用,幾乎不用,幾乎不用,約一半,約一半,幾乎不用,幾乎不用,幾乎不用
2018-06-13,235,1999,是,600,女,51,2,高中/職,製造業,"25,000 - 30,000",40 - 45 小時,不具原住民身份,5,4,5,4,0,0,0,0,0,0,1,1,閩南語,7歲前,7歲前,未學會,未學會,未學會,18-22歲,父親,母親,4,5,0,0,0,0,0,5,0,0,0,0,幾乎不用,幾乎全用,幾乎不用,幾乎不用,幾乎不用,幾乎不用,少數使用,多數使用,幾乎不用,幾乎不用,幾乎不用,幾乎不用,幾乎不用,幾乎全用,幾乎不用,幾乎不用,幾乎不用,幾乎不用
2018-06-13,235,1993,是,235,男,25,0,大學,科技,"30,000 - 35,000",35 - 40 小時,不具原住民身份,5,5,4,4,0,0,0,0,0,0,4,4,華語,7歲前,7-12歲,未學會,未學會,未學會,12-15歲,父親,母親,5,5,0,2,0,0,5,5,0,2,0,0,幾乎全用,幾乎不用,幾乎不用,幾乎不用,幾乎不用,幾乎不用,幾乎全用,幾乎不用,幾乎不用,幾乎不用,幾乎不用,幾乎不用,幾乎全用,幾乎不用,幾乎不用,幾乎不用,幾乎不用,幾乎不用
2018-06-13,234,2018,是,235,女,53,2,二專,服務業,"30,000 - 35,000",35 - 40 小時,不具原住民身份,5,5,2,1,0,0,0,0,0,0,1,1,華語,7歲前,12-15歲,未學會,未學會,未學會,未學會,無,母親,5,5,0,0,0,0,2,4,5,0,0,0,多數使用,幾乎不用,幾乎不用,幾乎不用,幾乎不用,幾乎不用,多數使用,幾乎不用,幾乎不用,幾乎不用,幾乎不用,幾乎不用,多數使用,少數使用,少數使用,多數使用,多數使用,多數使用
2018-06-13,106,2005,是,220,女,49,1,大學,金融業,"65,000 - 70,000",35 - 40 小時,不具原住民身份,5,5,5,3,0,0,0,0,0,0,2,2,閩南語,7歲前,7歲前,未學會,未學會,未學會,7-12歲,父親,母親,4,4,0,0,0,0,4,5,0,0,0,0,少數使用,多數使用,幾乎不用,幾乎不用,幾乎不用,幾乎不用,少數使用,多數使用,幾乎不用,幾乎不用,幾乎不用,幾乎不用,約一半,多數使用,幾乎不用,幾乎不用,幾乎不用,幾乎不用
2018-06-13,241,2012,不確定,804,男,40,0,碩士,科技,"40,000 - 45,000",40 - 45 小時,不具原住民身份,4,4,3,1,0,0,0,0,0,0,1,1,閩南語,7-12歲,7歲前,未學會,未學會,未學會,未學會,父親,母親,3,5,0,0,0,0,4,5,0,0,0,0,少數使用,幾乎全用,幾乎不用,幾乎不用,幾乎不用,幾乎不用,幾乎全用,少數使用,幾乎不用,幾乎不用,幾乎不用,幾乎不用,幾乎全用,少數使用,幾乎不用,幾乎不用,幾乎不用,幾乎不用
2018-06-13,523,1996,否,523,女,22,0,大學,學生,1萬以下,10 小時以下,不具原住民身份,5,5,5,5,1,0,0,0,0,0,1,3,華語,7歲前,7歲前,未學會,未學會,未學會,未學會,父親,母親,5,5,0,0,0,0,3,3,0,0,0,5,幾乎全用,少數使用,幾乎不用,幾乎不用,幾乎不用,幾乎不用,多數使用,多數使用,幾乎不用,幾乎不用,幾乎不用,幾乎不用,幾乎全用,少數使用,幾乎不用,幾乎不用,幾乎不用,幾乎不用
2018-06-13,221,2000,是,408,女,59,2,大學,設計,10萬以上,40 - 45 小時,不具原住民身份,5,5,5,5,0,1,0,0,0,0,4,4,閩南語,7-12歲,7歲前,未學會,未學會,未學會,12-15歲,父親,母親,0,5,0,0,0,0,0,5,0,0,0,0,幾乎不用,多數使用,幾乎不用,幾乎不用,幾乎不用,幾乎不用,幾乎不用,多數使用,幾乎不用,幾乎不用,幾乎不用,幾乎不用,幾乎不用,多數使用,幾乎不用,幾乎不用,幾乎不用,幾乎不用
2018-06-13,236,1986,不確定,236,女,36,0,大學,金融業,"25,000 - 30,000",35 - 40 小時,不具原住民身份,5,5,4,3,0,0,0,0,0,0,2,1,閩南語,7歲前,7歲前,未學會,未學會,未學會,12-15歲,父親,母親,4,5,0,0,0,0,4,5,0,0,0,0,少數使用,多數使用,幾乎不用,幾乎不用,幾乎不用,幾乎不用,約一半,多數使用,幾乎不用,幾乎不用,幾乎不用,幾乎不用,約一半,多數使用,幾乎不用,幾乎不用,幾乎不用,幾乎不用
2018-06-13,104,2008,不確定,112,男,47,2,高中/職,服務業,"30,000 - 35,000",40 - 45 小時,不具原住民身份,5,5,5,5,0,0,0,0,0,0,0,0,閩南語,7歲前,7歲前,未學會,未學會,未學會,未學會,父親,母親,5,5,0,0,0,0,5,5,5,0,0,0,約一半,多數使用,幾乎不用,幾乎不用,幾乎不用,幾乎不用,少數使用,多數使用,幾乎不用,幾乎不用,幾乎不用,幾乎不用,少數使用,多數使用,幾乎不用,幾乎不用,幾乎不用,幾乎不用
2018-06-13,325,2014,不確定,100,女,51,0,二專,金融業,"65,000 - 70,000",30 - 35 小時,不具原住民身份,5,5,4,3,1,0,0,0,0,0,3,3,閩南語,7歲前,7歲前,7歲前,未學會,未學會,12-15歲,無,無,5,5,0,3,0,0,5,5,3,1,0,0,多數使用,多數使用,幾乎不用,幾乎不用,幾乎不用,幾乎不用,多數使用,多數使用,幾乎不用,幾乎不用,幾乎不用,幾乎不用,多數使用,多數使用,幾乎不用,幾乎不用,幾乎不用,幾乎不用
2018-06-13,116,2017,不確定,411,男,27,0,碩士,自由業,"25,000 - 30,000",35 - 40 小時,不具原住民身份,5,5,5,4,0,0,0,0,0,0,3,3,華語,7歲前,7歲前,未學會,未學會,未學會,7-12歲,父親,母親,5,5,0,1,0,0,5,5,0,1,0,0,多數使用,多數使用,幾乎不用,幾乎不用,幾乎不用,幾乎不用,多數使用,多數使用,幾乎不用,幾乎不用,幾乎不用,幾乎不用,多數使用,多數使用,幾乎不用,幾乎不用,幾乎不用,幾乎不用
2018-06-14,108,2000,是,827,女,51,2,二專,金融業,"50,000 - 55,000",35 - 40 小時,不具原住民身份,5,5,5,5,0,0,0,0,0,0,2,1,閩南語,7歲前,7歲前,未學會,未學會,未學會,7-12歲,父親,母親,2,5,0,0,0,0,1,5,0,0,0,0,幾乎不用,幾乎全用,幾乎不用,幾乎不用,幾乎不用,幾乎不用,幾乎不用,幾乎全用,幾乎不用,幾乎不用,幾乎不用,幾乎不用,幾乎不用,幾乎全用,幾乎不用,幾乎不用,幾乎不用,幾乎不用
2018-06-14,114,1984,是,114,男,43,3,大學,金融業,10萬以上,30 - 35 小時,不具原住民身份,5,5,3,2,0,0,0,0,0,0,3,2,華語,7歲前,18-22歲,未學會,未學會,未學會,12-15歲,父親,母親,5,3,0,1,0,0,4,1,0,1,0,0,幾乎全用,少數使用,幾乎不用,幾乎不用,幾乎不用,幾乎不用,幾乎全用,少數使用,幾乎不用,幾乎不用,幾乎不用,幾乎不用,幾乎全用,少數使用,幾乎不用,幾乎不用,幾乎不用,幾乎不用
2018-06-14,100,2018,不確定,115,男,37,0,碩士,金融業,10萬以上,35 - 40 小時,不具原住民身份,5,5,5,3,2,0,0,0,0,0,4,4,華語,7歲前,7歲前,未學會,未學會,未學會,7-12歲,父親,母親,5,5,0,5,0,0,5,2,4,3,0,0,幾乎全用,幾乎不用,幾乎不用,幾乎不用,幾乎不用,幾乎不用,幾乎全用,幾乎不用,幾乎不用,幾乎不用,幾乎不用,幾乎不用,幾乎全用,幾乎不用,幾乎不用,幾乎不用,幾乎不用,幾乎不用
2018-06-14,106,2005,是,201,男,64,1,高中/職,服務業,"30,000 - 35,000",55 - 60 小時,不具原住民身份,5,5,5,5,0,0,0,0,0,0,2,2,華語,7歲前,7歲前,未學會,未學會,未學會,15-18歲,無,無,5,3,0,2,0,3,5,5,0,0,0,4,多數使用,約一半,幾乎不用,幾乎不用,幾乎不用,幾乎不用,多數使用,少數使用,幾乎不用,幾乎不用,幾乎不用,幾乎不用,約一半,約一半,幾乎不用,幾乎不用,幾乎不用,幾乎不用
2018-06-14,105,2011,是,260,男,42,2,大學,金融業,10萬以上,35 - 40 小時,不具原住民身份,5,5,5,5,0,0,0,0,0,0,2,2,閩南語,7-12歲,7歲前,未學會,未學會,未學會,12-15歲,父親,母親,3,5,0,0,0,0,0,5,0,0,0,0,少數使用,多數使用,幾乎不用,幾乎不用,幾乎不用,幾乎不用,少數使用,幾乎全用,幾乎不用,幾乎不用,幾乎不用,幾乎不用,少數使用,幾乎全用,幾乎不用,幾乎不用,幾乎不用,幾乎不用
2018-06-14,221,2001,不確定,600,女,48,1,二專,服務業,"40,000 - 45,000",35 - 40 小時,不具原住民身份,5,5,5,5,0,0,0,0,0,0,3,3,閩南語,7-12歲,7歲前,未學會,未學會,未學會,22歲之後,無,無,3,5,0,0,0,0,2,5,0,3,0,0,幾乎不用,幾乎全用,幾乎不用,幾乎不用,幾乎不用,幾乎不用,少數使用,幾乎全用,幾乎不用,幾乎不用,幾乎不用,幾乎不用,少數使用,幾乎全用,幾乎不用,幾乎不用,幾乎不用,幾乎不用
2018-06-14,111,1977,是,111,男,41,2,高中/職,自由業,無,10 小時以下,不具原住民身份,5,4,3,3,0,0,0,0,1,1,1,1,閩南語,7歲前,7歲前,未學會,未學會,未學會,22歲之後,父親,母親,1,5,0,0,0,0,1,3,0,0,0,0,幾乎不用,幾乎全用,幾乎不用,幾乎不用,幾乎不用,幾乎不用,幾乎不用,幾乎全用,幾乎不用,幾乎不用,幾乎不用,幾乎不用,幾乎不用,幾乎全用,幾乎不用,幾乎不用,幾乎不用,幾乎不用
2018-06-14,105,1999,是,356,男,56,3,大學,科技,"60,000 - 65,000",30 - 35 小時,不具原住民身份,5,5,5,5,0,0,0,0,0,0,3,3,閩南語,7-12歲,7歲前,未學會,未學會,未學會,12-15歲,父親,母親,1,5,1,0,0,0,1,5,1,0,0,0,少數使用,幾乎全用,幾乎不用,幾乎不用,幾乎不用,幾乎不用,少數使用,幾乎全用,幾乎不用,幾乎不用,幾乎不用,幾乎不用,少數使用,多數使用,幾乎不用,幾乎不用,幾乎不用,幾乎不用
2018-06-14,104,1970,是,108,男,57,2,碩士,科技,10萬以上,50 - 55 小時,不具原住民身份,5,5,5,5,0,0,0,0,0,0,5,5,閩南語,7歲前,7歲前,未學會,未學會,未學會,12-15歲,無,無,2,5,0,3,0,0,3,5,0,1,0,0,幾乎不用,多數使用,幾乎不用,幾乎不用,幾乎不用,幾乎不用,幾乎不用,幾乎全用,幾乎不用,幾乎不用,幾乎不用,幾乎不用,幾乎不用,幾乎全用,幾乎不用,幾乎不用,幾乎不用,幾乎不用
2018-06-14,112,1982,是,103,男,47,0,大學,金融業,"65,000 - 70,000",40 - 45 小時,不具原住民身份,5,5,4,3,0,0,0,0,0,0,3,3,華語,7歲前,7歲前,未學會,未學會,未學會,15-18歲,父親,母親,5,4,0,2,0,0,4,4,0,1,0,0,少數使用,多數使用,幾乎不用,幾乎不用,幾乎不用,幾乎不用,少數使用,多數使用,幾乎不用,幾乎不用,幾乎不用,幾乎不用,約一半,約一半,幾乎不用,幾乎不用,幾乎不用,幾乎不用
2018-06-14,302,1992,是,247,女,51,2,五專,自由業,10萬以上,60 小時以上,不具原住民身份,5,5,5,5,0,0,0,0,0,0,2,2,閩南語,7-12歲,7歲前,未學會,未學會,未學會,18-22歲,父親,母親,0,5,0,0,0,0,0,5,0,0,0,0,幾乎不用,幾乎全用,幾乎不用,幾乎不用,幾乎不用,幾乎不用,幾乎不用,幾乎全用,幾乎不用,幾乎不用,幾乎不用,幾乎不用,幾乎不用,幾乎全用,幾乎不用,幾乎不用,幾乎不用,幾乎不用
2018-06-14,106,1975,是,106,男,56,2,博士,製造業,10萬以上,35 - 40 小時,不具原住民身份,5,5,5,5,0,0,0,0,0,0,5,5,閩南語,7-12歲,7歲前,未學會,未學會,未學會,12-15歲,父親,母親,5,5,0,0,0,0,4,4,0,0,0,0,少數使用,約一半,幾乎不用,幾乎不用,幾乎不用,約一半,少數使用,約一半,幾乎不用,幾乎不用,幾乎不用,少數使用,約一半,約一半,幾乎不用,幾乎不用,幾乎不用,少數使用
2018-06-14,360,1962,是,360,男,56,2,碩士,製造業,10萬以上,55 - 60 小時,不具原住民身份,5,5,5,4,4,2,0,0,0,0,4,3,閩南語,7-12歲,7歲前,7-12歲,未學會,未學會,15-18歲,無,母親,4,5,0,1,0,0,3,5,1,0,0,0,少數使用,多數使用,幾乎不用,幾乎不用,幾乎不用,幾乎不用,少數使用,多數使用,幾乎不用,幾乎不用,幾乎不用,幾乎不用,少數使用,多數使用,幾乎不用,幾乎不用,幾乎不用,幾乎不用
2018-06-14,840,1998,是,220,女,48,2,二專,家管,"15,000 - 20,000",40 - 45 小時,不具原住民身份,5,5,4,3,1,0,0,0,0,0,1,1,閩南語,7-12歲,7歲前,未學會,未學會,未學會,12-15歲,父親,母親,4,5,0,0,0,0,4,5,0,0,0,0,少數使用,幾乎全用,幾乎不用,幾乎不用,幾乎不用,幾乎不用,約一半,多數使用,幾乎不用,幾乎不用,幾乎不用,幾乎不用,約一半,多數使用,幾乎不用,幾乎不用,幾乎不用,幾乎不用
2018-06-14,404,1962,是,404,男,56,0,博士,軍公教,10萬以上,40 - 45 小時,不具原住民身份,5,5,5,3,1,0,0,0,0,0,5,5,華語,7歲前,7歲前,未學會,未學會,未學會,18-22歲,父親,母親,5,0,0,1,0,0,3,5,0,0,0,0,幾乎全用,幾乎不用,幾乎不用,幾乎不用,幾乎不用,幾乎不用,幾乎全用,幾乎不用,幾乎不用,幾乎不用,幾乎不用,幾乎不用,約一半,多數使用,幾乎不用,幾乎不用,幾乎不用,幾乎不用
2018-06-14,804,2000,是,106,男,60,1,大學,製造業,10萬以上,40 - 45 小時,不具原住民身份,5,5,5,5,0,0,0,0,0,0,3,3,華語,7歲前,7歲前,未學會,未學會,未學會,15-18歲,無,無,5,2,0,0,0,0,5,4,0,0,0,0,多數使用,少數使用,幾乎不用,幾乎不用,幾乎不用,幾乎不用,多數使用,幾乎不用,幾乎不用,幾乎不用,幾乎不用,幾乎不用,約一半,多數使用,少數使用,少數使用,少數使用,少數使用
2018-06-14,402,1980,是,402,男,38,0,大學,服務業,"25,000 - 30,000",40 - 45 小時,不具原住民身份,5,5,3,3,1,1,0,0,0,0,1,1,華語,7歲前,7歲前,未學會,未學會,未學會,12-15歲,父親,母親,5,5,3,3,0,3,5,5,3,2,0,2,多數使用,多數使用,少數使用,幾乎不用,幾乎不用,幾乎不用,幾乎全用,多數使用,幾乎不用,幾乎不用,幾乎不用,幾乎不用,幾乎全用,多數使用,幾乎不用,幾乎不用,幾乎不用,幾乎不用
2018-06-14,234,1967,是,202,女,60,2,碩士,金融業,"75,000 - 80,000",40 - 45 小時,不具原住民身份,5,5,5,5,0,0,0,0,0,0,3,3,閩南語,未學會,7歲前,未學會,未學會,未學會,15-18歲,無,無,5,5,0,0,0,0,0,5,0,0,0,0,幾乎不用,幾乎全用,幾乎不用,幾乎不用,幾乎不用,幾乎不用,幾乎不用,幾乎全用,幾乎不用,幾乎不用,幾乎不用,幾乎不用,幾乎不用,幾乎全用,幾乎不用,幾乎不用,幾乎不用,幾乎不用
2018-06-14,420,1981,是,429,女,55,2,高中/職,家管,無,10 - 20 小時,不具原住民身份,4,4,4,4,0,0,0,0,0,0,1,1,華語,7歲前,7歲前,未學會,未學會,未學會,7歲前,父親,母親,4,1,0,0,0,0,4,5,0,0,0,0,約一半,約一半,幾乎不用,幾乎不用,幾乎不用,幾乎不用,約一半,幾乎不用,幾乎不用,幾乎不用,幾乎不用,幾乎不用,約一半,約一半,幾乎不用,幾乎不用,幾乎不用,幾乎不用
2018-06-14,247,1997,是,241,男,47,2,大學,科技,"65,000 - 70,000",40 - 45 小時,不具原住民身份,5,5,5,5,1,0,0,0,0,0,2,2,閩南語,7-12歲,7歲前,未學會,未學會,未學會,22歲之後,父親,無,3,5,0,0,0,0,3,5,5,0,0,0,少數使用,幾乎全用,幾乎不用,幾乎不用,幾乎不用,幾乎不用,少數使用,幾乎全用,幾乎不用,幾乎不用,幾乎不用,幾乎不用,少數使用,多數使用,幾乎不用,幾乎不用,幾乎不用,幾乎不用
2018-06-14,114,2003,是,106,男,59,1,碩士,退休,無,10 小時以下,不具原住民身份,5,5,5,5,0,0,0,0,0,0,3,3,閩南語,7歲前,7歲前,未學會,未學會,未學會,未學會,父親,母親,5,5,0,1,0,0,5,5,0,1,0,0,多數使用,幾乎全用,幾乎不用,幾乎不用,幾乎不用,幾乎不用,多數使用,幾乎全用,幾乎不用,幾乎不用,幾乎不用,幾乎不用,多數使用,幾乎全用,幾乎不用,幾乎不用,幾乎不用,幾乎不用
2018-06-14,247,1973,是,247,女,45,2,五專,家管,無,10 小時以下,不具原住民身份,5,5,5,5,0,0,0,0,0,0,2,2,華語,7歲前,7歲前,未學會,未學會,未學會,12-15歲,父親,母親,5,5,0,1,0,0,5,5,0,0,0,0,約一半,幾乎全用,幾乎不用,幾乎不用,幾乎不用,幾乎不用,約一半,幾乎全用,幾乎不用,幾乎不用,幾乎不用,幾乎不用,少數使用,幾乎全用,幾乎不用,幾乎不用,幾乎不用,幾乎不用
2018-06-14,221,1999,不確定,204,女,52,1,大學,服務業,"40,000 - 45,000",40 - 45 小時,不具原住民身份,5,5,5,5,3,1,0,0,0,0,1,1,閩南語,7-12歲,7歲前,22歲之後,未學會,未學會,未學會,父親,母親,2,5,0,0,0,0,0,5,0,0,0,0,幾乎不用,幾乎全用,幾乎不用,幾乎不用,幾乎不用,幾乎不用,幾乎不用,幾乎全用,幾乎不用,幾乎不用,幾乎不用,幾乎不用,幾乎不用,幾乎全用,幾乎不用,幾乎不用,幾乎不用,幾乎不用
2018-06-14,840,1992,是,802,女,53,3,高中/職,其它,1萬以下,60 小時以上,不具原住民身份,5,5,5,5,1,1,0,0,0,0,1,1,華語,7-12歲,7歲前,未學會,未學會,未學會,7-12歲,無,母親,1,5,1,0,0,0,0,5,0,0,0,0,幾乎不用,少數使用,幾乎不用,幾乎不用,幾乎不用,幾乎不用,幾乎不用,少數使用,幾乎不用,幾乎不用,幾乎不用,幾乎不用,幾乎不用,少數使用,幾乎不用,幾乎不用,幾乎不用,幾乎不用
2018-06-14,333,2015,是,615,女,48,2,高中/職,服務業,"25,000 - 30,000",35 - 40 小時,不具原住民身份,5,5,5,5,0,0,0,0,0,0,1,1,閩南語,7-12歲,7歲前,未學會,未學會,未學會,未學會,父親,母親,1,5,0,0,0,0,0,5,0,0,0,0,幾乎不用,幾乎全用,幾乎不用,幾乎不用,幾乎不用,幾乎不用,幾乎不用,幾乎全用,幾乎不用,幾乎不用,幾乎不用,幾乎不用,幾乎不用,幾乎全用,幾乎不用,幾乎不用,幾乎不用,幾乎不用
2018-06-14,801,2000,是,204,女,48,2,二專,家管,1萬以下,60 小時以上,不具原住民身份,5,5,2,2,0,0,0,0,0,0,3,3,華語,7歲前,7歲前,未學會,未學會,未學會,18-22歲,父親,母親,5,0,0,2,0,0,3,5,0,0,0,0,幾乎全用,少數使用,幾乎不用,幾乎不用,幾乎不用,幾乎不用,幾乎全用,幾乎不用,幾乎不用,幾乎不用,幾乎不用,幾乎不用,幾乎全用,少數使用,幾乎不用,幾乎不用,幾乎不用,幾乎不用
2018-06-14,221,1991,是,106,女,47,2,二專,自由業,"35,000 - 40,000",10 小時以下,不具原住民身份,5,5,4,2,0,0,0,0,0,0,2,2,閩南語,7歲前,7歲前,未學會,未學會,未學會,15-18歲,父親,母親,3,5,0,0,0,0,2,5,0,0,0,0,約一半,多數使用,幾乎不用,幾乎不用,幾乎不用,幾乎不用,約一半,約一半,幾乎不用,幾乎不用,幾乎不用,幾乎不用,約一半,約一半,幾乎不用,幾乎不用,幾乎不用,幾乎不用
2018-06-14,403,2008,是,403,男,46,1,五專,其它,"40,000 - 45,000",40 - 45 小時,不具原住民身份,5,5,5,3,0,0,0,0,0,0,0,0,華語,7歲前,7歲前,未學會,未學會,未學會,未學會,父親,母親,5,0,0,0,0,0,5,5,0,0,0,0,少數使用,少數使用,幾乎不用,幾乎不用,幾乎不用,幾乎不用,少數使用,多數使用,幾乎不用,幾乎不用,幾乎不用,幾乎不用,少數使用,多數使用,幾乎不用,幾乎不用,幾乎不用,幾乎不用
2018-06-14,104,1974,是,104,男,44,1,五專,其它,"55,000 - 60,000",45 - 50 小時,不具原住民身份,5,5,4,3,1,0,0,0,0,0,1,1,華語,7歲前,7歲前,未學會,未學會,未學會,12-15歲,父親,母親,4,5,2,1,0,0,4,5,1,0,0,0,約一半,多數使用,幾乎不用,幾乎不用,幾乎不用,幾乎不用,約一半,約一半,幾乎不用,幾乎不用,幾乎不用,幾乎不用,約一半,約一半,幾乎不用,幾乎不用,幾乎不用,幾乎不用
2018-06-14,804,2000,是,924,女,55,1,大學,醫療,"55,000 - 60,000",40 - 45 小時,不具原住民身份,5,5,5,5,1,1,0,0,0,0,4,4,閩南語,7歲前,7歲前,未學會,未學會,未學會,7-12歲,無,無,5,5,0,0,0,0,5,5,0,0,0,0,幾乎不用,多數使用,幾乎不用,幾乎不用,幾乎不用,幾乎不用,幾乎不用,多數使用,幾乎不用,幾乎不用,幾乎不用,幾乎不用,幾乎不用,多數使用,幾乎不用,幾乎不用,幾乎不用,幾乎不用
2018-06-14,406,2005,是,428,男,45,2,二專,科技,"35,000 - 40,000",40 - 45 小時,不具原住民身份,5,5,3,1,0,0,0,0,0,0,1,1,華語,7歲前,未學會,未學會,未學會,未學會,未學會,父親,母親,5,0,0,0,0,0,0,5,0,0,0,0,約一半,約一半,幾乎不用,幾乎不用,幾乎不用,幾乎不用,幾乎全用,幾乎不用,幾乎不用,幾乎不用,幾乎不用,幾乎不用,幾乎不用,幾乎全用,幾乎不用,幾乎不用,幾乎不用,幾乎不用
2018-06-14,106,1999,是,106,男,19,0,大學,學生,無,10 小時以下,不具原住民身份,5,5,4,3,0,0,0,0,0,0,3,3,華語,7歲前,7歲前,未學會,未學會,未學會,7-12歲,父親,母親,5,4,1,4,0,0,5,4,0,2,0,0,幾乎全用,少數使用,幾乎不用,幾乎不用,幾乎不用,幾乎不用,幾乎全用,少數使用,幾乎不用,幾乎不用,幾乎不用,幾乎不用,幾乎全用,少數使用,幾乎不用,幾乎不用,幾乎不用,幾乎不用
2018-06-14,840,1994,是,840,女,54,3,高中/職,家管,1萬以下,40 - 45 小時,不具原住民身份,5,5,4,4,1,0,0,0,0,0,2,1,閩南語,7歲前,7歲前,22歲之後,22歲之後,22歲之後,12-15歲,父親,母親,0,5,0,0,0,0,2,5,0,0,1,0,少數使用,幾乎全用,幾乎不用,幾乎不用,幾乎不用,幾乎不用,少數使用,幾乎全用,幾乎不用,幾乎不用,幾乎不用,幾乎不用,少數使用,幾乎全用,幾乎不用,幾乎不用,幾乎不用,幾乎不用
2018-06-14,326,1998,不確定,247,女,49,2,大學,家管,無,10 小時以下,不具原住民身份,5,5,5,5,0,0,0,0,0,0,3,1,閩南語,7歲前,7歲前,未學會,未學會,未學會,12-15歲,父親,母親,5,5,0,1,0,0,5,5,0,0,0,0,約一半,多數使用,幾乎不用,幾乎不用,幾乎不用,幾乎不用,約一半,多數使用,幾乎不用,幾乎不用,幾乎不用,幾乎不用,少數使用,多數使用,幾乎不用,幾乎不用,幾乎不用,幾乎不用
2018-06-14,111,1996,是,111,女,61,2,大學,家管,無,10 小時以下,不具原住民身份,5,5,5,5,0,0,0,0,0,0,1,1,閩南語,7-12歲,7歲前,未學會,未學會,未學會,12-15歲,父親,母親,1,5,0,0,0,0,2,5,0,0,0,0,幾乎不用,多數使用,幾乎不用,幾乎不用,幾乎不用,幾乎不用,幾乎不用,多數使用,幾乎不用,幾乎不用,幾乎不用,幾乎不用,少數使用,多數使用,幾乎不用,幾乎不用,幾乎不用,幾乎不用
2018-06-14,108,1982,是,227,男,59,2,碩士,科技,"95,000 - 100,000",55 - 60 小時,不具原住民身份,5,5,5,5,0,0,0,0,0,0,3,2,閩南語,7-12歲,未學會,7-12歲,未學會,未學會,12-15歲,父親,母親,4,5,0,1,0,0,3,5,0,0,0,0,幾乎不用,多數使用,幾乎不用,幾乎不用,幾乎不用,約一半,少數使用,幾乎全用,幾乎不用,幾乎不用,幾乎不用,少數使用,少數使用,多數使用,幾乎不用,幾乎不用,幾乎不用,幾乎不用
2018-06-14,無,2011,不確定,無,女,46,0,高中/職,其它,"20,000 - 25,000",20 - 25 小時,不具原住民身份,2,2,0,0,0,0,0,0,0,0,2,2,其它語言,22歲之後,未學會,未學會,未學會,未學會,7-12歲,父親,母親,1,0,0,0,0,0,1,0,0,0,0,0,幾乎不用,幾乎不用,幾乎不用,幾乎不用,幾乎不用,幾乎全用,幾乎不用,幾乎不用,幾乎不用,幾乎不用,幾乎不用,幾乎全用,幾乎不用,幾乎不用,幾乎不用,幾乎不用,幾乎不用,幾乎全用
2018-06-14,804,2005,是,611,男,58,3,碩士,服務業,10萬以上,50 - 55 小時,不具原住民身份,5,5,5,5,0,0,0,0,0,0,1,1,閩南語,7-12歲,7歲前,未學會,未學會,未學會,未學會,無,無,0,5,0,0,0,0,0,5,0,0,0,0,幾乎不用,約一半,幾乎不用,幾乎不用,幾乎不用,幾乎不用,幾乎不用,約一半,幾乎不用,幾乎不用,幾乎不用,幾乎不用,幾乎不用,約一半,幾乎不用,幾乎不用,幾乎不用,幾乎不用
2018-06-14,421,1989,是,104,男,59,2,二專,其它,"70,000 - 75,000",35 - 40 小時,不具原住民身份,5,5,5,5,0,0,0,0,0,0,3,3,閩南語,7歲前,7歲前,未學會,未學會,未學會,22歲之後,父親,母親,4,5,1,0,0,0,4,5,0,0,0,0,少數使用,幾乎全用,幾乎不用,幾乎不用,幾乎不用,少數使用,少數使用,幾乎全用,幾乎不用,幾乎不用,幾乎不用,幾乎不用,少數使用,幾乎全用,幾乎不用,幾乎不用,幾乎不用,幾乎不用
2018-06-14,325,2016,是,406,男,51,2,大學,服務業,10萬以上,40 - 45 小時,不具原住民身份,5,5,5,5,0,0,0,0,1,1,2,2,閩南語,7歲前,7歲前,未學會,未學會,22歲之後,22歲之後,父親,母親,2,5,0,0,0,0,3,5,0,0,0,0,幾乎不用,多數使用,幾乎不用,幾乎不用,幾乎不用,幾乎不用,少數使用,多數使用,幾乎不用,幾乎不用,幾乎不用,幾乎不用,少數使用,多數使用,幾乎不用,幾乎不用,幾乎不用,幾乎不用
2018-06-15,310,1983,是,231,男,55,2,大學,金融業,"60,000 - 65,000",35 - 40 小時,不具原住民身份,5,5,5,5,1,0,0,0,0,0,3,3,閩南語,7歲前,7歲前,18-22歲,未學會,未學會,15-18歲,父親,母親,5,5,0,2,0,0,5,5,0,1,0,0,約一半,多數使用,幾乎不用,幾乎不用,幾乎不用,幾乎不用,多數使用,多數使用,幾乎不用,幾乎不用,幾乎不用,幾乎不用,多數使用,多數使用,幾乎不用,幾乎不用,幾乎不用,幾乎不用
2018-06-15,220,1983,是,220,男,49,2,二專,服務業,"80,000 - 85,000",40 - 45 小時,不具原住民身份,5,5,4,4,1,0,0,0,4,3,2,2,華語,7歲前,12-15歲,未學會,未學會,22歲之後,12-15歲,無,無,5,1,0,2,0,0,5,5,0,0,0,0,幾乎全用,約一半,幾乎不用,幾乎不用,幾乎不用,幾乎不用,幾乎全用,少數使用,少數使用,少數使用,少數使用,少數使用,多數使用,少數使用,幾乎不用,幾乎不用,幾乎不用,幾乎不用
2018-06-15,105,1995,是,205,男,59,0,高中/職,其它,"55,000 - 60,000",10 小時以下,不具原住民身份,4,4,4,4,0,0,0,0,0,0,1,1,閩南語,7-12歲,7歲前,未學會,未學會,未學會,未學會,無,無,4,4,0,0,0,0,0,5,0,0,0,0,幾乎不用,幾乎全用,幾乎不用,幾乎不用,幾乎不用,少數使用,少數使用,幾乎全用,幾乎不用,幾乎不用,幾乎不用,幾乎不用,幾乎不用,幾乎全用,幾乎不用,幾乎不用,幾乎不用,幾乎不用
2018-06-15,407,2004,不確定,265,男,42,2,碩士,科技,"65,000 - 70,000",45 - 50 小時,不具原住民身份,5,5,5,5,1,0,0,0,0,0,3,2,閩南語,7歲前,7歲前,未學會,未學會,未學會,15-18歲,父親,母親,4,5,0,0,0,0,3,5,0,0,0,0,約一半,約一半,幾乎不用,幾乎不用,幾乎不用,幾乎不用,約一半,約一半,幾乎不用,幾乎不用,幾乎不用,幾乎不用,約一半,約一半,幾乎不用,幾乎不用,幾乎不用,幾乎不用
2018-06-15,241,2017,不確定,710,男,35,0,二專,金融業,"50,000 - 55,000",40 - 45 小時,不具原住民身份,3,3,3,2,0,0,0,0,0,0,1,1,閩南語,7歲前,7歲前,未學會,未學會,未學會,12-15歲,父親,母親,2,2,0,0,0,0,2,2,0,0,0,0,幾乎不用,幾乎全用,幾乎不用,幾乎不用,幾乎不用,幾乎不用,幾乎不用,幾乎全用,幾乎不用,幾乎不用,幾乎不用,幾乎不用,約一半,約一半,幾乎不用,幾乎不用,幾乎不用,幾乎不用
2018-06-15,106,2017,不確定,310,男,19,0,大學,學生,無,10 小時以下,不具原住民身份,4,4,1,0,0,0,0,0,0,0,4,3,華語,7歲前,未學會,未學會,未學會,未學會,7-12歲,父親,母親,4,2,0,4,0,0,4,3,0,4,0,0,幾乎全用,少數使用,幾乎不用,幾乎不用,幾乎不用,幾乎不用,幾乎全用,幾乎不用,幾乎不用,幾乎不用,幾乎不用,幾乎不用,幾乎全用,幾乎不用,幾乎不用,幾乎不用,幾乎不用,幾乎不用
2018-06-15,231,1998,不確定,231,女,20,0,大學,學生,"10,000 - 15,000",10 小時以下,不具原住民身份,5,5,5,4,0,0,0,0,0,0,5,5,閩南語,7歲前,7歲前,未學會,未學會,未學會,7-12歲,父親,母親,5,5,0,1,0,0,5,5,0,1,0,0,幾乎全用,少數使用,幾乎不用,幾乎不用,幾乎不用,幾乎不用,幾乎全用,幾乎不用,幾乎不用,幾乎不用,幾乎不用,幾乎不用,幾乎全用,少數使用,幾乎不用,幾乎不用,幾乎不用,幾乎不用
2018-06-15,221,1996,是,221,女,23,0,大學,學生,"15,000 - 20,000",10 - 20 小時,不具原住民身份,5,5,4,3,0,0,0,0,0,0,3,3,華語,7歲前,7歲前,未學會,未學會,未學會,7-12歲,父親,母親,5,5,0,1,0,0,5,5,0,1,0,0,多數使用,少數使用,幾乎不用,幾乎不用,幾乎不用,幾乎不用,多數使用,少數使用,幾乎不用,幾乎不用,幾乎不用,幾乎不用,多數使用,少數使用,幾乎不用,幾乎不用,幾乎不用,幾乎不用
2018-06-15,234,1997,是,234,男,21,0,大學,學生,1萬以下,25 - 30 小時,不具原住民身份,5,5,3,2,0,0,0,0,0,0,4,3,華語,7歲前,7歲前,未學會,未學會,未學會,7-12歲,父親,母親,5,4,0,2,0,0,5,4,0,2,0,0,幾乎全用,少數使用,幾乎不用,幾乎不用,幾乎不用,幾乎不用,幾乎全用,少數使用,幾乎不用,幾乎不用,幾乎不用,幾乎不用,幾乎全用,少數使用,幾乎不用,幾乎不用,幾乎不用,幾乎不用
2018-06-15,106,2017,是,807,男,20,0,大學,學生,1萬以下,10 小時以下,不具原住民身份,5,5,5,5,3,1,0,0,1,1,4,4,閩南語,7-12歲,7歲前,未學會,未學會,未學會,15-18歲,父親,母親,4,5,0,1,0,3,5,5,5,1,0,0,少數使用,多數使用,幾乎不用,幾乎不用,幾乎不用,幾乎不用,少數使用,多數使用,幾乎不用,幾乎不用,幾乎不用,幾乎不用,少數使用,多數使用,幾乎不用,幾乎不用,幾乎不用,幾乎不用
2018-06-15,110,1995,是,110,男,23,0,大學,學生,1萬以下,10 小時以下,不具原住民身份,5,5,4,1,2,0,0,0,0,0,4,2,華語,7歲前,7歲前,未學會,未學會,未學會,7歲前,父親,母親,5,4,0,2,0,0,5,5,0,2,0,0,幾乎全用,少數使用,幾乎不用,幾乎不用,幾乎不用,幾乎不用,幾乎全用,幾乎不用,幾乎不用,幾乎不用,幾乎不用,幾乎不用,幾乎全用,幾乎不用,幾乎不用,幾乎不用,幾乎不用,幾乎不用
2018-06-15,300,2016,是,236,男,21,0,高中/職,學生,無,10 小時以下,不具原住民身份,5,5,5,3,0,0,0,0,0,0,5,5,華語,7歲前,7歲前,未學會,未學會,未學會,7歲前,父親,母親,5,5,0,5,0,0,5,5,0,5,0,0,幾乎全用,少數使用,幾乎不用,幾乎不用,幾乎不用,少數使用,幾乎全用,少數使用,幾乎不用,幾乎不用,幾乎不用,幾乎不用,幾乎全用,少數使用,幾乎不用,幾乎不用,幾乎不用,少數使用
2018-06-15,333,2015,不確定,220,男,21,0,大學,學生,無,10 小時以下,不具原住民身份,5,5,4,2,0,0,0,0,0,0,4,2,華語,7歲前,7-12歲,未學會,未學會,未學會,7歲前,父親,母親,5,2,0,3,0,0,5,4,0,0,0,0,幾乎全用,少數使用,幾乎不用,幾乎不用,幾乎不用,幾乎不用,幾乎全用,少數使用,幾乎不用,幾乎不用,幾乎不用,幾乎不用,幾乎全用,少數使用,幾乎不用,幾乎不用,幾乎不用,幾乎不用
2018-06-15,106,2015,不確定,600,男,22,0,大學,學生,無,10 小時以下,不具原住民身份,5,5,4,3,0,0,0,0,1,1,5,3,華語,7歲前,7歲前,未學會,未學會,18-22歲,7-12歲,父親,母親,5,5,0,0,0,0,5,5,0,0,0,0,幾乎全用,多數使用,幾乎不用,幾乎不用,幾乎不用,幾乎不用,幾乎全用,少數使用,幾乎不用,幾乎不用,幾乎不用,幾乎不用,幾乎全用,少數使用,幾乎不用,幾乎不用,幾乎不用,幾乎不用
2018-06-15,247,1996,否,247,男,22,0,大學,學生,無,10 小時以下,不具原住民身份,4,4,3,3,0,0,0,0,0,0,3,3,原住民語,7歲前,7歲前,未學會,未學會,未學會,7-12歲,父親,母親,4,4,0,2,4,0,4,4,0,2,0,0,多數使用,少數使用,幾乎不用,幾乎不用,幾乎不用,幾乎不用,多數使用,少數使用,幾乎不用,幾乎不用,幾乎不用,幾乎不用,多數使用,少數使用,幾乎不用,幾乎不用,幾乎不用,幾乎不用
2018-06-15,106,1996,不確定,106,男,22,0,高中/職,自由業,"55,000 - 60,000",40 - 45 小時,不具原住民身份,5,5,1,1,0,0,0,0,0,0,3,2,華語,7歲前,未學會,未學會,未學會,未學會,12-15歲,父親,母親,5,4,0,0,0,0,5,5,0,3,0,0,幾乎全用,幾乎不用,幾乎不用,幾乎不用,幾乎不用,少數使用,幾乎全用,幾乎不用,幾乎不用,幾乎不用,幾乎不用,幾乎不用,幾乎全用,幾乎不用,幾乎不用,幾乎不用,幾乎不用,少數使用
2018-06-15,106,2014,不確定,712,女,22,0,大學,學生,"10,000 - 15,000",20 - 25 小時,不具原住民身份,5,5,5,5,0,0,0,0,0,0,2,1,華語,7歲前,7歲前,未學會,未學會,未學會,7-12歲,父親,母親,5,4,0,3,0,0,5,5,0,1,0,0,幾乎全用,多數使用,幾乎不用,幾乎不用,幾乎不用,幾乎不用,幾乎全用,多數使用,幾乎不用,幾乎不用,幾乎不用,幾乎不用,幾乎全用,多數使用,幾乎不用,幾乎不用,幾乎不用,幾乎不用
2018-06-15,104,1997,不確定,104,女,21,0,大學,學生,1萬以下,10 小時以下,不具原住民身份,5,5,3,1,0,0,0,0,0,0,3,3,華語,7歲前,7歲前,未學會,未學會,未學會,7-12歲,父親,母親,5,5,0,3,0,0,5,2,0,1,0,0,幾乎全用,幾乎不用,幾乎不用,幾乎不用,幾乎不用,幾乎不用,幾乎全用,幾乎不用,幾乎不用,幾乎不用,幾乎不用,幾乎不用,幾乎全用,幾乎不用,幾乎不用,幾乎不用,幾乎不用,幾乎不用
2018-06-15,106,2016,不確定,326,男,20,0,大學,學生,無,10 小時以下,不具原住民身份,5,5,4,2,5,5,0,0,0,0,2,3,華語,7歲前,7-12歲,7歲前,未學會,未學會,7-12歲,父親,母親,5,2,5,0,0,0,5,1,5,0,0,0,多數使用,少數使用,多數使用,幾乎不用,幾乎不用,幾乎不用,約一半,少數使用,約一半,幾乎不用,幾乎不用,幾乎不用,多數使用,幾乎不用,少數使用,幾乎不用,幾乎不用,幾乎不用
2018-06-15,106,1987,是,106,男,34,0,博士,軍公教,"55,000 - 60,000",40 - 45 小時,不具原住民身份,5,4,3,2,0,0,0,0,0,0,4,3,華語,7歲前,7歲前,未學會,未學會,未學會,7-12歲,父親,母親,3,4,0,1,0,0,2,3,1,1,0,0,約一半,約一半,幾乎不用,幾乎不用,幾乎不用,幾乎不用,多數使用,少數使用,幾乎不用,幾乎不用,幾乎不用,幾乎不用,多數使用,少數使用,幾乎不用,幾乎不用,幾乎不用,幾乎不用
2018-06-15,106,2016,不確定,269,女,20,0,大學,學生,無,10 小時以下,不具原住民身份,4,5,4,3,0,0,0,0,0,0,2,2,華語,7歲前,7歲前,未學會,未學會,未學會,7-12歲,父親,母親,4,5,0,2,0,0,4,5,0,1,0,0,約一半,約一半,幾乎不用,幾乎不用,幾乎不用,幾乎不用,多數使用,少數使用,幾乎不用,幾乎不用,幾乎不用,幾乎不用,約一半,約一半,幾乎不用,幾乎不用,幾乎不用,幾乎不用
2018-06-15,251,2014,不確定,110,女,22,0,大學,學生,"10,000 - 15,000",45 - 50 小時,不具原住民身份,5,5,3,1,1,1,0,0,0,0,3,2,華語,7歲前,12-15歲,7-12歲,未學會,未學會,7歲前,父親,母親,5,3,0,2,0,0,5,3,0,2,0,0,幾乎全用,少數使用,幾乎不用,幾乎不用,幾乎不用,少數使用,幾乎全用,幾乎不用,幾乎不用,幾乎不用,幾乎不用,幾乎不用,幾乎全用,約一半,幾乎不用,幾乎不用,幾乎不用,少數使用
2018-06-15,110,1996,是,110,女,22,0,大學,學生,無,10 小時以下,不具原住民身份,5,5,4,4,4,3,0,0,0,0,5,3,華語,7歲前,7-12歲,7-12歲,未學會,未學會,7-12歲,父親,母親,5,5,0,2,0,0,5,5,5,2,0,0,幾乎全用,少數使用,幾乎不用,幾乎不用,幾乎不用,幾乎不用,幾乎全用,少數使用,幾乎不用,幾乎不用,幾乎不用,幾乎不用,幾乎全用,少數使用,少數使用,幾乎不用,幾乎不用,幾乎不用
2018-06-15,100,2016,是,701,男,22,0,大學,學生,無,10 小時以下,不具原住民身份,4,4,3,2,0,0,0,0,0,0,4,4,華語,7歲前,7歲前,未學會,未學會,未學會,7歲前,父親,母親,4,4,0,2,0,0,4,4,0,2,0,0,幾乎全用,少數使用,幾乎不用,幾乎不用,幾乎不用,幾乎不用,多數使用,少數使用,幾乎不用,幾乎不用,幾乎不用,幾乎不用,多數使用,少數使用,幾乎不用,幾乎不用,幾乎不用,幾乎不用
2018-06-15,302,2005,是,300,女,20,0,大學,學生,無,10 小時以下,不具原住民身份,5,5,3,2,0,0,0,0,0,0,3,3,華語,7歲前,7歲前,未學會,未學會,未學會,7-12歲,父親,母親,5,4,5,3,0,0,5,5,0,1,0,0,幾乎全用,幾乎不用,幾乎不用,幾乎不用,幾乎不用,幾乎不用,幾乎全用,幾乎不用,幾乎不用,幾乎不用,幾乎不用,幾乎不用,幾乎全用,幾乎不用,幾乎不用,幾乎不用,幾乎不用,幾乎不用
2018-06-15,106,2015,不確定,700,女,21,0,大學,學生,無,10 小時以下,不具原住民身份,5,5,4,3,1,1,0,0,0,0,4,3,華語,7歲前,7歲前,未學會,未學會,未學會,7歲前,父親,母親,5,4,0,1,0,0,5,4,0,1,0,0,幾乎全用,少數使用,幾乎不用,幾乎不用,幾乎不用,幾乎不用,幾乎全用,少數使用,幾乎不用,幾乎不用,幾乎不用,幾乎不用,幾乎全用,少數使用,幾乎不用,幾乎不用,幾乎不用,幾乎不用
2018-06-15,106,2016,是,353,男,20,0,大學,學生,無,10 小時以下,賽夏族,5,5,3,2,3,1,3,2,0,0,3,3,原住民語,7歲前,7歲前,未學會,7歲前,未學會,7-12歲,父親,母親,5,4,4,1,4,0,4,5,0,1,0,0,多數使用,少數使用,幾乎不用,幾乎不用,幾乎不用,幾乎不用,約一半,幾乎不用,幾乎不用,約一半,幾乎不用,幾乎不用,約一半,約一半,幾乎不用,幾乎不用,幾乎不用,幾乎不用
2018-06-15,831,1995,是,831,女,23,0,碩士,學生,1萬以下,25 - 30 小時,不具原住民身份,5,5,4,4,2,0,0,0,0,0,3,3,華語,7歲前,7歲前,未學會,未學會,未學會,12-15歲,父親,母親，但我不懂你這題為何要這樣設計，讓兩個父親的人無法填答,5,5,0,0,0,0,5,5,0,0,0,0,約一半,約一半,幾乎不用,幾乎不用,幾乎不用,幾乎不用,約一半,約一半,幾乎不用,幾乎不用,幾乎不用,幾乎不用,約一半,約一半,幾乎不用,幾乎不用,幾乎不用,幾乎不用
2018-06-15,201,2006,是,201,男,21,0,大學,學生,無,10 小時以下,不具原住民身份,5,5,4,2,0,0,0,0,0,0,5,5,華語,7歲前,12-15歲,未學會,未學會,未學會,15-18歲,父親,母親,5,5,0,3,0,0,5,5,0,3,0,0,約一半,多數使用,幾乎不用,幾乎不用,幾乎不用,幾乎不用,多數使用,少數使用,幾乎不用,幾乎不用,幾乎不用,幾乎不用,多數使用,少數使用,幾乎不用,幾乎不用,幾乎不用,幾乎不用
2018-06-15,242,2016,否,204,女,21,0,大學,服務業,"15,000 - 20,000",60 小時以上,不具原住民身份,5,5,3,2,0,0,0,0,0,0,4,3,華語,7歲前,7歲前,未學會,未學會,未學會,7歲前,父親,母親,5,5,0,2,0,0,5,3,0,3,0,0,幾乎全用,幾乎不用,幾乎不用,幾乎不用,幾乎不用,幾乎不用,幾乎全用,幾乎不用,幾乎不用,幾乎不用,幾乎不用,幾乎不用,幾乎全用,幾乎不用,幾乎不用,幾乎不用,幾乎不用,幾乎不用
2018-06-15,106,1997,是,106,女,21,0,大學,學生,無,10 小時以下,不具原住民身份,5,5,2,1,0,0,0,0,0,0,3,2,華語,7歲前,未學會,未學會,未學會,未學會,7歲前,父親,母親,5,5,0,2,0,0,5,3,0,4,0,0,幾乎全用,少數使用,幾乎不用,幾乎不用,幾乎不用,少數使用,幾乎全用,幾乎不用,幾乎不用,幾乎不用,幾乎不用,幾乎不用,幾乎全用,幾乎不用,幾乎不用,幾乎不用,幾乎不用,少數使用
2018-06-15,106,1996,是,106,男,22,0,大學,學生,1萬以下,10 - 20 小時,不具原住民身份,5,5,4,4,0,0,0,0,0,0,2,2,華語,7歲前,7-12歲,未學會,未學會,未學會,7-12歲,父親,母親,5,5,0,4,0,0,5,5,0,1,0,0,幾乎全用,幾乎不用,幾乎不用,幾乎不用,幾乎不用,幾乎不用,幾乎全用,幾乎不用,幾乎不用,幾乎不用,幾乎不用,幾乎不用,幾乎全用,幾乎不用,幾乎不用,幾乎不用,幾乎不用,幾乎不用
2018-06-15,106,2017,是,406,男,20,0,大學,學生,無,10 小時以下,不具原住民身份,5,5,3,2,1,0,0,0,0,0,4,4,華語,7歲前,7歲前,未學會,未學會,未學會,7-12歲,父親,母親,5,4,0,3,0,0,5,4,0,3,0,0,幾乎全用,約一半,幾乎不用,幾乎不用,幾乎不用,幾乎不用,幾乎全用,約一半,幾乎不用,幾乎不用,幾乎不用,幾乎不用,幾乎全用,約一半,幾乎不用,幾乎不用,幾乎不用,幾乎不用
2018-06-15,112,2008,是,330,男,27,0,大學,學生,"15,000 - 20,000",10 小時以下,不具原住民身份,5,5,2,1,3,0,0,0,0,0,4,4,華語,7歲前,未學會,未學會,未學會,未學會,12-15歲,父親,母親,5,4,5,5,0,0,5,4,5,3,0,0,多數使用,約一半,多數使用,幾乎不用,幾乎不用,約一半,多數使用,幾乎不用,少數使用,幾乎不用,幾乎不用,少數使用,多數使用,幾乎不用,少數使用,幾乎不用,幾乎不用,幾乎不用
2018-06-15,100,2016,否,351,男,24,0,碩士,學生,1萬以下,10 小時以下,不具原住民身份,5,5,2,1,2,1,0,0,0,0,4,3,華語,7歲前,未學會,7-12歲,未學會,未學會,7-12歲,父親,母親,5,4,5,2,0,0,5,1,5,2,0,0,幾乎全用,幾乎不用,少數使用,幾乎不用,幾乎不用,幾乎不用,幾乎全用,幾乎不用,少數使用,幾乎不用,幾乎不用,幾乎不用,幾乎全用,幾乎不用,少數使用,幾乎不用,幾乎不用,幾乎不用
2018-06-15,100,2017,不確定,812,男,21,0,大學,學生,無,10 小時以下,不具原住民身份,5,5,5,5,0,0,0,0,0,0,4,4,華語,7歲前,7歲前,未學會,未學會,未學會,12-15歲,父親,母親,5,5,0,3,0,0,5,5,0,1,0,0,約一半,多數使用,幾乎不用,幾乎不用,幾乎不用,幾乎不用,多數使用,約一半,幾乎不用,幾乎不用,幾乎不用,幾乎不用,約一半,約一半,幾乎不用,幾乎不用,幾乎不用,幾乎不用
2018-06-15,114,2017,否,115,男,21,0,大學,學生,無,10 小時以下,不具原住民身份,5,5,1,1,0,0,0,0,0,0,5,5,華語,7歲前,未學會,未學會,未學會,未學會,15-18歲,無,母親,5,5,0,1,0,0,5,3,0,1,0,0,幾乎全用,幾乎不用,幾乎不用,幾乎不用,幾乎不用,幾乎不用,幾乎全用,幾乎不用,幾乎不用,幾乎不用,幾乎不用,幾乎不用,幾乎全用,幾乎不用,幾乎不用,幾乎不用,幾乎不用,幾乎不用
2018-06-15,100,2014,是,106,女,21,0,大學,學生,1萬以下,10 - 20 小時,不具原住民身份,5,5,5,3,0,0,0,0,0,0,4,3,華語,7歲前,7歲前,未學會,未學會,未學會,7-12歲,父親,母親,5,5,0,2,0,0,5,5,0,2,0,0,多數使用,多數使用,幾乎不用,幾乎不用,幾乎不用,幾乎不用,幾乎全用,約一半,幾乎不用,幾乎不用,幾乎不用,幾乎不用,幾乎全用,約一半,幾乎不用,幾乎不用,幾乎不用,幾乎不用
2018-06-15,235,2014,不確定,106,其它,21,0,大學,學生,"10,000 - 15,000",10 - 20 小時,不具原住民身份,5,5,2,2,0,0,0,0,0,0,2,2,華語,7歲前,7-12歲,未學會,未學會,未學會,7-12歲,無,無,5,5,0,1,0,0,5,2,0,2,0,0,多數使用,少數使用,幾乎不用,幾乎不用,幾乎不用,幾乎不用,多數使用,幾乎不用,幾乎不用,幾乎不用,幾乎不用,幾乎不用,多數使用,幾乎不用,幾乎不用,幾乎不用,幾乎不用,幾乎不用
2018-06-15,242,2017,不確定,802,女,21,0,大學,學生,無,10 小時以下,不具原住民身份,5,5,5,4,0,0,0,0,0,0,3,2,華語,7歲前,7歲前,未學會,未學會,未學會,7-12歲,父親,母親,2,5,0,0,0,0,5,5,0,0,1,0,約一半,多數使用,幾乎不用,幾乎不用,幾乎不用,幾乎不用,約一半,約一半,幾乎不用,幾乎不用,幾乎不用,幾乎不用,約一半,約一半,幾乎不用,幾乎不用,幾乎不用,幾乎不用
2018-06-15,116,1997,不確定,116,男,21,0,大學,學生,無,10 小時以下,不具原住民身份,5,5,4,3,1,0,0,0,0,0,3,2,華語,7歲前,7歲前,未學會,未學會,未學會,7歲前,父親,母親,5,5,5,2,0,0,5,5,0,2,0,0,多數使用,多數使用,幾乎不用,幾乎不用,幾乎不用,幾乎不用,多數使用,多數使用,幾乎不用,幾乎不用,幾乎不用,幾乎不用,多數使用,多數使用,幾乎不用,幾乎不用,幾乎不用,幾乎不用
2018-06-15,106,2004,不確定,106,女,22,3,大學,學生,"10,000 - 15,000",10 - 20 小時,不具原住民身份,5,5,2,1,0,0,0,0,1,0,4,4,華語,7歲前,7歲前,未學會,未學會,未學會,7歲前,父親,母親,5,5,0,2,0,0,5,5,0,2,0,0,幾乎全用,約一半,幾乎不用,幾乎不用,幾乎不用,少數使用,幾乎全用,約一半,幾乎不用,幾乎不用,幾乎不用,少數使用,幾乎全用,約一半,幾乎不用,幾乎不用,幾乎不用,幾乎不用
2018-06-15,115,1996,是,115,女,22,0,大學,學生,無,10 小時以下,不具原住民身份,5,5,4,2,0,0,0,0,0,0,4,4,華語,7歲前,7歲前,未學會,未學會,未學會,7歲前,父親,母親,5,5,0,1,0,0,5,5,0,1,0,0,幾乎全用,少數使用,幾乎不用,幾乎不用,幾乎不用,幾乎不用,幾乎全用,少數使用,幾乎不用,幾乎不用,幾乎不用,幾乎不用,幾乎全用,少數使用,幾乎不用,幾乎不用,幾乎不用,幾乎不用
2018-06-15,106,2016,不確定,900,男,26,0,碩士,學生,1萬以下,10 小時以下,不具原住民身份,5,5,5,4,1,0,0,0,0,0,4,3,華語,7歲前,7歲前,未學會,未學會,未學會,7-12歲,父親,母親,4,5,0,1,0,0,4,5,0,0,0,0,少數使用,幾乎全用,幾乎不用,幾乎不用,幾乎不用,幾乎不用,多數使用,幾乎全用,幾乎不用,幾乎不用,幾乎不用,幾乎不用,多數使用,幾乎全用,幾乎不用,幾乎不用,幾乎不用,幾乎不用
2018-06-15,241,2000,不確定,241,女,23,0,大學,學生,1萬以下,10 - 20 小時,不具原住民身份,5,5,5,4,1,0,0,0,0,0,4,3,華語,7歲前,7-12歲,未學會,未學會,未學會,12-15歲,父親,母親,5,4,0,3,0,0,5,3,0,2,0,0,多數使用,幾乎不用,幾乎不用,幾乎不用,幾乎不用,幾乎不用,多數使用,幾乎不用,幾乎不用,幾乎不用,幾乎不用,幾乎不用,多數使用,幾乎不用,幾乎不用,幾乎不用,幾乎不用,幾乎不用
2018-06-15,242,2016,否,326,女,22,0,大學,學生,1萬以下,10 小時以下,不具原住民身份,5,5,2,1,1,0,0,0,0,0,4,4,華語,7歲前,7歲前,未學會,未學會,未學會,7歲前,父親,母親,5,5,2,1,0,0,5,4,4,0,0,0,幾乎全用,多數使用,約一半,幾乎不用,幾乎不用,幾乎不用,幾乎全用,多數使用,幾乎不用,幾乎不用,幾乎不用,幾乎不用,幾乎全用,幾乎不用,幾乎不用,幾乎不用,幾乎不用,幾乎不用
2018-06-15,114,2002,不確定,104,女,28,0,碩士,其它,無,10 小時以下,不具原住民身份,5,5,3,2,1,0,0,0,0,0,3,2,華語,7歲前,7-12歲,未學會,未學會,未學會,12-15歲,無,母親,5,3,5,1,0,0,5,5,0,3,0,0,幾乎全用,少數使用,幾乎不用,幾乎不用,幾乎不用,幾乎不用,幾乎全用,少數使用,幾乎不用,幾乎不用,幾乎不用,幾乎不用,幾乎全用,少數使用,幾乎不用,幾乎不用,幾乎不用,少數使用
2018-06-15,222,1999,不確定,222,男,22,0,大學,學生,1萬以下,10 小時以下,不具原住民身份,5,5,4,2,1,0,0,0,0,0,4,4,華語,7歲前,7歲前,未學會,未學會,未學會,7歲前,父親,母親,5,3,0,4,0,0,5,5,0,5,0,0,幾乎全用,少數使用,幾乎不用,幾乎不用,幾乎不用,多數使用,幾乎全用,少數使用,幾乎不用,幾乎不用,幾乎不用,約一半,幾乎全用,約一半,幾乎不用,幾乎不用,幾乎不用,約一半
2018-06-15,220,2002,是,224,男,22,0,大學,學生,"15,000 - 20,000",10 小時以下,不具原住民身份,5,5,4,3,2,1,0,0,0,0,4,2,華語,7歲前,7歲前,7歲前,未學會,未學會,7-12歲,父親,母親,5,2,5,2,0,0,5,5,0,1,0,0,多數使用,少數使用,幾乎不用,幾乎不用,幾乎不用,幾乎不用,多數使用,幾乎不用,幾乎不用,幾乎不用,幾乎不用,幾乎不用,多數使用,少數使用,幾乎不用,幾乎不用,幾乎不用,幾乎不用
2018-06-15,241,1996,不確定,241,女,22,2,大學,學生,無,10 小時以下,不具原住民身份,5,5,1,1,0,0,0,0,0,0,4,3,華語,7歲前,未學會,未學會,未學會,未學會,7-12歲,父親,母親,5,2,0,5,0,0,5,3,0,3,0,0,幾乎全用,少數使用,幾乎不用,幾乎不用,幾乎不用,幾乎不用,幾乎全用,幾乎不用,幾乎不用,幾乎不用,幾乎不用,少數使用,幾乎全用,少數使用,幾乎不用,幾乎不用,幾乎不用,幾乎不用
2018-06-16,108,1999,不確定,108,女,22,0,大學,學生,1萬以下,10 小時以下,不具原住民身份,5,5,2,1,0,0,0,0,0,0,5,4,華語,7歲前,未學會,未學會,未學會,未學會,7歲前,父親,母親,5,5,0,5,0,0,5,4,0,4,0,0,幾乎全用,幾乎不用,幾乎不用,幾乎不用,幾乎不用,幾乎不用,幾乎全用,幾乎不用,幾乎不用,幾乎不用,幾乎不用,幾乎不用,幾乎全用,幾乎不用,幾乎不用,幾乎不用,幾乎不用,幾乎不用
2018-06-16,300,2013,不確定,408,男,24,0,碩士,學生,無,60 小時以上,不具原住民身份,5,5,5,5,0,0,0,0,0,0,5,3,閩南語,7歲前,7歲前,未學會,未學會,未學會,7-12歲,父親,母親,4,5,0,0,0,0,5,5,0,0,0,0,幾乎全用,多數使用,幾乎不用,幾乎不用,幾乎不用,幾乎不用,約一半,約一半,幾乎不用,幾乎不用,幾乎不用,幾乎不用,幾乎全用,多數使用,幾乎不用,幾乎不用,幾乎不用,幾乎不用
2018-06-16,106,2014,否,300,男,22,0,大學,學生,"20,000 - 25,000",25 - 30 小時,不具原住民身份,5,5,3,1,0,0,0,0,0,0,4,3,華語,7歲前,未學會,未學會,未學會,未學會,12-15歲,父親,母親,5,1,0,4,0,0,5,4,0,3,0,0,幾乎全用,幾乎不用,幾乎不用,幾乎不用,幾乎不用,幾乎不用,幾乎全用,幾乎不用,幾乎不用,幾乎不用,幾乎不用,幾乎不用,幾乎全用,幾乎不用,幾乎不用,幾乎不用,幾乎不用,幾乎不用
2018-06-16,106,1997,是,106,女,21,0,大學,學生,1萬以下,10 小時以下,不具原住民身份,5,5,4,3,0,1,0,0,0,0,5,4,華語,7歲前,7-12歲,7-12歲,未學會,未學會,7歲前,父親,母親,5,5,0,1,0,0,5,5,0,3,0,0,幾乎全用,多數使用,幾乎不用,幾乎不用,幾乎不用,幾乎不用,幾乎全用,少數使用,幾乎不用,幾乎不用,幾乎不用,幾乎不用,幾乎全用,少數使用,幾乎不用,幾乎不用,幾乎不用,幾乎不用
2018-06-16,242,2015,不確定,511,女,21,0,大學,學生,1萬以下,10 小時以下,不具原住民身份,5,5,3,2,0,0,0,0,0,0,4,4,華語,7歲前,7-12歲,未學會,未學會,未學會,12-15歲,父親,母親,5,5,0,1,0,0,5,5,0,4,0,0,多數使用,約一半,幾乎不用,幾乎不用,幾乎不用,幾乎不用,多數使用,少數使用,幾乎不用,幾乎不用,幾乎不用,幾乎不用,多數使用,約一半,幾乎不用,幾乎不用,幾乎不用,幾乎不用
2018-06-16,242,2018,否,100,男,24,0,碩士,學生,無,55 - 60 小時,不具原住民身份,5,5,4,3,0,0,0,0,0,0,5,4,華語,7歲前,7歲前,未學會,未學會,未學會,15-18歲,父親,母親,5,4,0,3,0,0,5,4,0,3,0,0,多數使用,少數使用,幾乎不用,幾乎不用,幾乎不用,幾乎不用,多數使用,少數使用,幾乎不用,幾乎不用,幾乎不用,幾乎不用,多數使用,少數使用,幾乎不用,幾乎不用,幾乎不用,幾乎不用
2018-06-16,236,1966,是,236,男,52,2,高中/職,自由業,"15,000 - 20,000",60 小時以上,不具原住民身份,2,5,5,5,2,0,0,0,0,0,1,0,閩南語,7-12歲,7歲前,未學會,未學會,未學會,未學會,父親,母親,0,5,0,0,0,0,2,5,0,0,0,0,幾乎不用,幾乎全用,幾乎不用,幾乎不用,幾乎不用,幾乎不用,幾乎不用,幾乎全用,幾乎不用,幾乎不用,幾乎不用,幾乎不用,幾乎不用,幾乎全用,幾乎不用,幾乎不用,幾乎不用,幾乎不用
2018-06-16,100,2015,是,905,男,22,0,大學,學生,無,10 小時以下,不具原住民身份,5,4,4,4,1,0,0,0,0,0,4,3,閩南語,7歲前,7歲前,未學會,未學會,未學會,15-18歲,父親,母親,2,5,0,0,0,0,4,4,5,0,0,0,約一半,約一半,幾乎不用,幾乎不用,幾乎不用,幾乎不用,幾乎全用,少數使用,幾乎不用,幾乎不用,幾乎不用,幾乎不用,多數使用,少數使用,幾乎不用,幾乎不用,幾乎不用,幾乎不用
2018-06-16,100,2016,否,912,男,21,0,大學,學生,無,10 - 20 小時,不具原住民身份,5,5,3,1,5,5,0,0,0,0,3,2,客家語,7歲前,15-18歲,7歲前,未學會,未學會,15-18歲,父親,母親,5,4,5,3,0,0,5,2,5,3,0,0,少數使用,幾乎不用,多數使用,幾乎不用,幾乎不用,幾乎不用,幾乎不用,幾乎不用,幾乎全用,幾乎不用,幾乎不用,幾乎不用,幾乎全用,幾乎不用,幾乎不用,幾乎不用,幾乎不用,幾乎不用
2018-06-16,702,1997,不確定,702,女,21,0,大學,學生,無,10 小時以下,不具原住民身份,5,5,5,3,1,0,0,0,0,0,5,3,華語,7歲前,7歲前,未學會,未學會,未學會,7歲前,父親,母親,5,5,0,2,0,0,5,5,0,1,0,0,幾乎全用,少數使用,幾乎不用,幾乎不用,幾乎不用,少數使用,幾乎全用,少數使用,幾乎不用,幾乎不用,幾乎不用,少數使用,幾乎全用,幾乎不用,幾乎不用,幾乎不用,幾乎不用,少數使用
2018-06-16,106,2016,不確定,616,女,21,0,大學,學生,1萬以下,10 小時以下,不具原住民身份,5,5,4,2,0,0,0,0,0,0,3,1,閩南語,7歲前,7歲前,未學會,未學會,未學會,7-12歲,父親,母親,5,4,0,1,0,0,5,4,0,0,0,0,多數使用,少數使用,幾乎不用,幾乎不用,幾乎不用,幾乎不用,幾乎全用,少數使用,幾乎不用,幾乎不用,幾乎不用,幾乎不用,幾乎全用,少數使用,幾乎不用,幾乎不用,幾乎不用,幾乎不用
2018-06-16,220,1997,是,220,女,21,0,大學,學生,1萬以下,10 小時以下,不具原住民身份,5,5,4,3,0,0,0,0,0,0,3,2,華語,7歲前,7歲前,未學會,未學會,未學會,7-12歲,父親,母親,5,5,0,1,0,0,5,5,0,1,0,0,多數使用,多數使用,幾乎不用,幾乎不用,幾乎不用,幾乎不用,多數使用,約一半,幾乎不用,幾乎不用,幾乎不用,幾乎不用,多數使用,多數使用,幾乎不用,幾乎不用,幾乎不用,幾乎不用
2018-06-16,110,2006,是,110,女,17,0,高中/職,學生,無,10 小時以下,不具原住民身份,5,5,1,1,0,0,0,0,0,0,2,1,華語,7歲前,7歲前,未學會,未學會,未學會,未學會,父親,母親,5,2,0,1,0,0,5,5,0,1,0,0,幾乎全用,少數使用,幾乎不用,幾乎不用,幾乎不用,幾乎不用,幾乎全用,少數使用,幾乎不用,幾乎不用,幾乎不用,幾乎不用,幾乎全用,少數使用,幾乎不用,幾乎不用,幾乎不用,幾乎不用
2018-06-16,307,1996,是,307,男,22,0,大學,學生,1萬以下,10 小時以下,不具原住民身份,5,5,3,2,5,4,0,0,0,0,5,4,華語,7歲前,12-15歲,7歲前,未學會,未學會,7歲前,父親,無,5,2,5,3,0,0,5,3,2,2,0,0,幾乎全用,幾乎不用,約一半,幾乎不用,幾乎不用,幾乎不用,幾乎全用,少數使用,約一半,幾乎不用,幾乎不用,幾乎不用,幾乎全用,幾乎不用,幾乎不用,幾乎不用,幾乎不用,幾乎不用
2018-06-16,337,2007,是,701,男,46,0,大學,設計,"90,000 - 95,000",40 - 45 小時,不具原住民身份,5,5,5,5,0,0,0,0,0,0,2,2,閩南語,7歲前,7歲前,未學會,未學會,未學會,18-22歲,父親,母親,5,5,0,2,0,0,5,5,0,2,0,0,約一半,約一半,幾乎不用,幾乎不用,幾乎不用,幾乎不用,多數使用,少數使用,幾乎不用,幾乎不用,幾乎不用,幾乎不用,多數使用,少數使用,幾乎不用,幾乎不用,幾乎不用,幾乎不用
2018-06-16,115,1971,不確定,105,女,52,2,五專,自由業,"40,000 - 45,000",10 小時以下,不具原住民身份,5,5,2,1,0,0,0,0,0,0,0,0,華語,7歲前,22歲之後,未學會,未學會,未學會,未學會,父親,母親,5,0,0,3,0,0,5,5,0,0,0,0,幾乎全用,幾乎不用,幾乎不用,幾乎不用,幾乎不用,幾乎不用,幾乎全用,幾乎不用,幾乎不用,幾乎不用,幾乎不用,幾乎不用,幾乎全用,幾乎不用,幾乎不用,幾乎不用,幾乎不用,幾乎不用
2018-06-16,100,2013,是,103,女,23,0,大學,學生,無,10 小時以下,不具原住民身份,5,5,5,5,5,5,5,5,5,5,5,5,華語,7歲前,7歲前,未學會,未學會,未學會,7歲前,父親,母親,5,5,0,3,0,0,5,5,0,1,0,0,多數使用,多數使用,幾乎不用,幾乎不用,幾乎不用,幾乎不用,多數使用,多數使用,幾乎不用,幾乎不用,幾乎不用,幾乎不用,多數使用,多數使用,幾乎不用,幾乎不用,幾乎不用,幾乎不用
2018-06-17,710,2010,是,702,女,35,2,五專,家管,"10,000 - 15,000",10 - 20 小時,不具原住民身份,5,5,4,3,2,1,0,0,0,0,2,2,華語,7歲前,7-12歲,12-15歲,未學會,未學會,12-15歲,父親,母親,4,5,1,1,0,0,5,5,5,2,0,0,少數使用,多數使用,少數使用,幾乎不用,幾乎不用,幾乎不用,少數使用,多數使用,幾乎不用,幾乎不用,幾乎不用,幾乎不用,約一半,多數使用,幾乎不用,幾乎不用,幾乎不用,幾乎不用
2018-06-17,640,1997,是,640,男,37,2,大學,服務業,"50,000 - 55,000",45 - 50 小時,不具原住民身份,5,5,5,5,0,0,0,0,0,0,1,1,華語,7歲前,7-12歲,未學會,未學會,未學會,22歲之後,父親,母親,3,5,0,0,0,0,3,5,0,0,0,0,少數使用,幾乎全用,幾乎不用,幾乎不用,幾乎不用,幾乎不用,少數使用,幾乎全用,幾乎不用,幾乎不用,幾乎不用,幾乎不用,少數使用,幾乎全用,幾乎不用,幾乎不用,幾乎不用,幾乎不用
2018-06-17,237,2000,是,237,女,21,0,大學,學生,無,10 小時以下,不具原住民身份,5,5,1,0,0,0,0,0,0,0,4,4,華語,7歲前,未學會,未學會,未學會,未學會,7-12歲,父親,母親,5,2,0,2,0,0,5,1,5,3,0,0,幾乎全用,幾乎不用,幾乎不用,幾乎不用,幾乎不用,幾乎不用,幾乎全用,幾乎不用,幾乎不用,幾乎不用,幾乎不用,幾乎不用,幾乎全用,幾乎不用,幾乎不用,幾乎不用,幾乎不用,幾乎不用
2018-06-18,708,2006,否,708,女,21,0,大學,學生,無,10 小時以下,不具原住民身份,5,5,4,4,0,0,0,0,0,0,3,3,閩南語,7歲前,7歲前,未學會,未學會,未學會,12-15歲,父親,母親,5,5,0,3,0,0,5,5,0,3,0,0,多數使用,少數使用,幾乎不用,幾乎不用,幾乎不用,幾乎不用,幾乎全用,少數使用,幾乎不用,幾乎不用,幾乎不用,幾乎不用,幾乎全用,少數使用,幾乎不用,幾乎不用,幾乎不用,幾乎不用
2018-06-19,100,1993,是,100,女,56,2,碩士,家管,"20,000 - 25,000",35 - 40 小時,不具原住民身份,5,5,4,2,0,0,0,0,0,0,3,2,其它語言,7歲前,7歲前,未學會,未學會,未學會,7-12歲,父親,母親,4,3,0,0,0,0,3,4,0,0,0,0,少數使用,約一半,幾乎不用,幾乎不用,幾乎不用,幾乎不用,約一半,少數使用,幾乎不用,幾乎不用,幾乎不用,幾乎不用,少數使用,約一半,幾乎不用,幾乎不用,幾乎不用,幾乎不用
2018-06-19,242,2000,不確定,242,男,21,3,大學,學生,1萬以下,10 小時以下,不具原住民身份,5,5,3,2,0,0,0,0,1,1,4,3,華語,7歲前,7-12歲,未學會,未學會,未學會,15-18歲,父親,母親,5,1,0,1,0,0,5,5,0,1,0,0,幾乎全用,少數使用,幾乎不用,幾乎不用,幾乎不用,幾乎不用,幾乎全用,幾乎不用,幾乎不用,幾乎不用,幾乎不用,幾乎不用,幾乎全用,少數使用,幾乎不用,幾乎不用,幾乎不用,幾乎不用
2018-06-19,110,2008,是,510,男,21,0,大學,學生,1萬以下,10 小時以下,不具原住民身份,5,5,5,3,0,0,0,0,0,0,3,3,華語,7歲前,7-12歲,未學會,未學會,未學會,未學會,父親,母親,5,2,3,0,0,0,5,5,0,0,0,0,幾乎全用,幾乎不用,幾乎不用,幾乎不用,幾乎不用,幾乎不用,幾乎全用,幾乎不用,幾乎不用,幾乎不用,幾乎不用,幾乎不用,多數使用,少數使用,幾乎不用,幾乎不用,幾乎不用,幾乎不用
2018-06-19,106,2014,不確定,701,男,22,0,大學,學生,1萬以下,10 小時以下,不具原住民身份,5,5,5,4,0,0,0,0,0,0,5,5,華語,7歲前,7歲前,未學會,未學會,未學會,7歲前,父親,母親,5,5,0,1,0,0,5,5,0,2,0,0,約一半,約一半,幾乎不用,幾乎不用,幾乎不用,幾乎不用,多數使用,少數使用,幾乎不用,幾乎不用,幾乎不用,幾乎不用,多數使用,少數使用,幾乎不用,幾乎不用,幾乎不用,幾乎不用
2018-06-19,242,2001,是,242,男,21,0,大學,學生,無,10 小時以下,不具原住民身份,5,5,5,5,1,1,0,0,0,0,4,4,華語,7歲前,7歲前,未學會,未學會,未學會,7-12歲,叔叔,嬸嬸,5,5,0,3,0,0,5,5,0,1,0,0,多數使用,約一半,幾乎不用,幾乎不用,幾乎不用,幾乎不用,多數使用,少數使用,幾乎不用,幾乎不用,幾乎不用,幾乎不用,多數使用,少數使用,幾乎不用,幾乎不用,幾乎不用,幾乎不用
2018-06-19,300,2016,是,115,男,21,0,大學,學生,無,10 小時以下,不具原住民身份,5,5,4,3,0,0,0,0,0,0,3,2,華語,7歲前,7歲前,未學會,未學會,未學會,15-18歲,父親,母親,5,5,0,2,0,0,5,5,0,1,0,0,多數使用,少數使用,幾乎不用,幾乎不用,幾乎不用,幾乎不用,多數使用,少數使用,幾乎不用,幾乎不用,幾乎不用,幾乎不用,幾乎全用,幾乎不用,幾乎不用,幾乎不用,幾乎不用,幾乎不用
2018-06-19,807,2015,否,114,男,22,0,大學,學生,無,10 小時以下,不具原住民身份,5,5,3,1,0,0,0,0,0,0,3,2,華語,7歲前,7歲前,未學會,未學會,未學會,7-12歲,父親,母親,5,5,0,2,0,0,5,3,0,2,0,0,多數使用,少數使用,幾乎不用,幾乎不用,幾乎不用,幾乎不用,多數使用,少數使用,幾乎不用,幾乎不用,幾乎不用,幾乎不用,多數使用,少數使用,幾乎不用,幾乎不用,幾乎不用,幾乎不用
2018-06-19,326,1998,是,326,男,23,0,大學,軍公教,"35,000 - 40,000",40 - 45 小時,不具原住民身份,4,4,3,1,1,0,0,0,0,0,5,4,華語,7歲前,7-12歲,未學會,未學會,未學會,12-15歲,父親,母親,5,4,0,3,0,0,5,5,0,3,0,0,幾乎全用,幾乎不用,幾乎不用,幾乎不用,幾乎不用,幾乎不用,幾乎全用,幾乎不用,幾乎不用,幾乎不用,幾乎不用,幾乎不用,幾乎全用,幾乎不用,幾乎不用,幾乎不用,幾乎不用,幾乎不用
2018-06-19,553,1997,不確定,553,男,21,0,大學,學生,1萬以下,10 小時以下,不具原住民身份,5,5,3,3,0,0,0,0,0,0,3,3,華語,7歲前,7歲前,未學會,未學會,未學會,7歲前,父親,母親,5,5,0,0,0,1,5,5,0,0,0,0,幾乎全用,少數使用,幾乎不用,幾乎不用,幾乎不用,幾乎不用,幾乎全用,少數使用,幾乎不用,幾乎不用,幾乎不用,幾乎不用,幾乎全用,少數使用,幾乎不用,幾乎不用,幾乎不用,幾乎不用
2018-06-19,106,2012,是,330,男,26,0,大學,學生,"10,000 - 15,000",10 - 20 小時,不具原住民身份,5,5,4,2,2,0,0,0,0,0,5,4,華語,7歲前,7歲前,未學會,未學會,未學會,15-18歲,父親,母親,5,5,0,1,0,0,5,3,1,1,0,0,幾乎全用,少數使用,幾乎不用,幾乎不用,幾乎不用,幾乎不用,幾乎全用,幾乎不用,幾乎不用,幾乎不用,幾乎不用,幾乎不用,幾乎全用,幾乎不用,幾乎不用,幾乎不用,幾乎不用,幾乎不用
2018-06-19,104,2012,是,242,男,21,0,大學,學生,1萬以下,10 小時以下,不具原住民身份,5,5,5,3,1,0,0,0,1,0,4,3,華語,7歲前,15-18歲,未學會,未學會,未學會,18-22歲,父親,母親,5,5,0,0,0,0,5,5,0,2,0,0,多數使用,少數使用,幾乎不用,幾乎不用,幾乎不用,幾乎不用,幾乎全用,少數使用,幾乎不用,幾乎不用,幾乎不用,幾乎不用,幾乎全用,幾乎不用,幾乎不用,幾乎不用,幾乎不用,幾乎不用
2018-06-19,330,1998,不確定,330,男,20,0,大學,學生,1萬以下,10 小時以下,不具原住民身份,5,4,2,1,0,0,0,0,0,0,3,2,華語,7-12歲,未學會,未學會,未學會,未學會,15-18歲,父親,母親,5,3,0,5,0,0,5,3,1,1,0,0,幾乎全用,少數使用,幾乎不用,幾乎不用,幾乎不用,幾乎不用,幾乎全用,幾乎不用,幾乎不用,幾乎不用,幾乎不用,少數使用,幾乎全用,幾乎不用,幾乎不用,幾乎不用,幾乎不用,幾乎不用
2018-06-20,236,2002,是,830,女,21,0,大學,學生,無,10 小時以下,不具原住民身份,5,5,5,5,0,0,0,0,0,0,3,3,閩南語,7歲前,7歲前,未學會,未學會,未學會,7-12歲,父親,母親,5,5,0,2,0,0,5,5,0,1,0,0,多數使用,多數使用,幾乎不用,幾乎不用,幾乎不用,幾乎不用,幾乎全用,少數使用,幾乎不用,幾乎不用,幾乎不用,幾乎不用,多數使用,多數使用,幾乎不用,幾乎不用,幾乎不用,幾乎不用
2018-06-20,105,2008,不確定,105,男,21,0,大學,學生,"25,000 - 30,000",25 - 30 小時,不具原住民身份,5,5,5,3,0,0,0,0,0,0,5,5,華語,7歲前,7歲前,未學會,未學會,未學會,7-12歲,父親,母親,5,5,0,2,0,0,5,3,0,2,0,0,幾乎全用,少數使用,幾乎不用,幾乎不用,幾乎不用,幾乎不用,幾乎全用,少數使用,幾乎不用,幾乎不用,幾乎不用,少數使用,幾乎全用,少數使用,幾乎不用,幾乎不用,幾乎不用,幾乎不用
2018-06-20,106,2007,不確定,無,女,21,0,大學,學生,1萬以下,20 - 25 小時,不具原住民身份,5,5,3,2,0,0,0,0,0,0,5,2,閩南語,7歲前,7歲前,未學會,未學會,未學會,7-12歲,父親,母親,5,4,1,1,0,0,5,5,0,2,0,0,多數使用,少數使用,幾乎不用,幾乎不用,幾乎不用,幾乎不用,多數使用,少數使用,幾乎不用,幾乎不用,幾乎不用,幾乎不用,約一半,約一半,幾乎不用,幾乎不用,幾乎不用,幾乎不用
2018-06-20,無,2015,是,100,男,22,0,大學,學生,無,30 - 35 小時,不具原住民身份,5,5,1,1,0,0,0,0,0,0,5,5,華語,7歲前,未學會,未學會,未學會,未學會,7歲前,父親,母親,5,1,0,4,0,0,5,5,0,4,0,0,幾乎全用,幾乎不用,幾乎不用,幾乎不用,幾乎不用,少數使用,多數使用,幾乎不用,幾乎不用,幾乎不用,幾乎不用,少數使用,幾乎全用,幾乎不用,幾乎不用,幾乎不用,幾乎不用,幾乎不用
2018-06-20,116,2006,是,114,女,24,0,碩士,學生,無,10 小時以下,不具原住民身份,5,5,2,1,0,0,0,0,0,0,4,3,華語,7歲前,15-18歲,未學會,未學會,未學會,7-12歲,父親,母親,5,4,0,3,0,0,5,5,0,2,0,0,幾乎全用,少數使用,幾乎不用,幾乎不用,幾乎不用,少數使用,幾乎全用,幾乎不用,幾乎不用,幾乎不用,幾乎不用,少數使用,幾乎全用,少數使用,幾乎不用,幾乎不用,幾乎不用,幾乎不用
2018-06-20,235,1993,是,235,男,25,0,碩士,學生,"10,000 - 15,000",35 - 40 小時,不具原住民身份,5,5,3,3,0,0,0,0,0,0,3,2,華語,7歲前,7歲前,未學會,未學會,未學會,12-15歲,父親,母親,5,5,1,2,0,0,5,4,0,2,0,0,幾乎全用,幾乎全用,幾乎不用,幾乎不用,幾乎不用,幾乎不用,幾乎全用,少數使用,幾乎不用,幾乎不用,幾乎不用,幾乎不用,幾乎全用,少數使用,幾乎不用,幾乎不用,幾乎不用,幾乎不用
2018-06-20,116,2011,不確定,720,女,25,0,碩士,學生,無,10 小時以下,不具原住民身份,5,5,5,4,0,0,0,0,0,0,3,2,華語,7歲前,7歲前,未學會,未學會,未學會,12-15歲,父親,母親,5,5,0,0,0,0,5,5,0,0,0,0,約一半,多數使用,幾乎不用,幾乎不用,幾乎不用,幾乎不用,約一半,多數使用,幾乎不用,幾乎不用,幾乎不用,幾乎不用,約一半,約一半,幾乎不用,幾乎不用,幾乎不用,幾乎不用
2018-06-20,220,1994,不確定,220,男,28,0,大學,服務業,"10,000 - 15,000",35 - 40 小時,不具原住民身份,5,5,3,1,0,0,0,0,0,0,4,4,華語,7歲前,7歲前,未學會,未學會,未學會,18-22歲,父親,母親,5,5,5,1,0,0,4,4,0,4,0,4,多數使用,約一半,幾乎不用,幾乎不用,幾乎不用,幾乎不用,幾乎全用,幾乎不用,幾乎不用,幾乎不用,幾乎不用,幾乎不用,幾乎全用,幾乎不用,幾乎不用,幾乎不用,幾乎不用,幾乎不用
2018-06-20,105,1997,不確定,105,女,21,0,二專,學生,無,10 小時以下,不具原住民身份,5,5,3,2,1,1,0,0,0,0,3,2,華語,7歲前,15-18歲,未學會,未學會,未學會,12-15歲,父親,母親,5,4,2,4,0,0,5,5,1,1,0,0,幾乎全用,少數使用,幾乎不用,幾乎不用,幾乎不用,幾乎不用,幾乎全用,幾乎不用,幾乎不用,幾乎不用,幾乎不用,幾乎不用,幾乎全用,幾乎不用,幾乎不用,幾乎不用,幾乎不用,幾乎不用
2018-06-20,300,2012,是,300,女,21,0,大學,學生,無,10 小時以下,不具原住民身份,5,5,3,3,2,2,0,0,0,0,4,4,華語,7歲前,7歲前,7歲前,未學會,未學會,12-15歲,父親,母親,5,5,1,3,0,0,5,5,5,2,0,0,幾乎全用,少數使用,幾乎不用,幾乎不用,幾乎不用,幾乎不用,幾乎全用,少數使用,幾乎不用,幾乎不用,幾乎不用,幾乎不用,幾乎全用,少數使用,少數使用,幾乎不用,幾乎不用,幾乎不用
2018-06-20,114,1997,不確定,114,女,23,0,大學,學生,無,60 小時以上,不具原住民身份,5,5,5,4,0,0,0,0,0,0,5,4,華語,7歲前,7歲前,未學會,未學會,未學會,7-12歲,父親,母親,5,5,0,2,0,0,5,5,0,3,0,0,幾乎全用,少數使用,幾乎不用,幾乎不用,幾乎不用,幾乎不用,幾乎全用,少數使用,幾乎不用,幾乎不用,幾乎不用,幾乎不用,幾乎全用,少數使用,幾乎不用,幾乎不用,幾乎不用,幾乎不用
2018-06-20,111,1997,是,111,男,21,0,大學,學生,"10,000 - 15,000",10 - 20 小時,不具原住民身份,5,5,4,3,0,0,0,0,0,0,4,2,華語,7歲前,7歲前,未學會,未學會,未學會,7歲前,父親,母親,5,5,0,0,0,0,5,5,0,1,0,0,少數使用,多數使用,幾乎不用,幾乎不用,幾乎不用,幾乎不用,幾乎全用,少數使用,幾乎不用,幾乎不用,幾乎不用,幾乎不用,幾乎全用,少數使用,幾乎不用,幾乎不用,幾乎不用,幾乎不用
2018-06-20,300,2002,不確定,300,女,16,0,高中/職,學生,無,10 小時以下,不具原住民身份,5,5,2,1,1,1,0,0,0,0,3,2,華語,7歲前,未學會,未學會,未學會,未學會,7-12歲,父親,母親,5,5,1,2,0,0,5,3,5,2,0,0,幾乎全用,少數使用,少數使用,幾乎不用,幾乎不用,幾乎不用,幾乎全用,少數使用,幾乎不用,幾乎不用,幾乎不用,幾乎不用,幾乎全用,少數使用,少數使用,幾乎不用,幾乎不用,幾乎不用
